1,5,Austin,Rain,,1
2,5,Austin,Rain,93,1
3,5,Austin,Light Rain,93,1
4,5,Austin,Light Rain,76,1
5,5,Austin,Rain,93,1
6,5,Austin,Light Rain,97,1
7,5,Austin,Showers,87,1
14,5,Austin,Cloudy,90,1
8,5,Austin,Cloudy,89,1
9,5,Austin,Short term forecastRain,93,1
10,5,Austin,moderate rain,93,1
11,5,Austin,Rain,93,1
12,5,Austin,Rain,93,1
13,5,Austin,Rain Fog/Mist,93,1
1,10,Austin,Rain,,1
2,10,Austin,Rain,93,1
3,10,Austin,Rain,93,1
4,10,Austin,Rain Mist,80,1
5,10,Austin,Rain,95,1
6,10,Austin,Light Rain,97,1
7,10,Austin,Rain,93,1
14,10,Austin,Thunderstorm,92,1
8,10,Austin,Rain,95,1
9,10,Austin,Weather WarningsCloudy,93,1
10,10,Austin,moderate rain,93,1
11,10,Austin,Light Rain,93,1
12,10,Austin,Rain,93,1
13,10,Austin,Rain Fog/Mist,93,1
1,13,Austin,Cloudy,,1
2,13,Austin,Mostly Cloudy,81,1
3,13,Austin,Overcast,76,1
4,13,Austin,Overcast,62,1
5,13,Austin,Cloudy,82,1
6,13,Austin,Overcast,66,1
7,13,Austin,Cloudy,76,1
14,13,Austin,Rain,96,1
8,13,Austin,Cloudy,82,1
9,13,Austin,Short term forecastMostly Cloudy,81,1
10,13,Austin,mostly cloudy,81,1
11,13,Austin,Cloudy,82,1
12,13,Austin,Cloudy,86,1
13,13,Austin,Mostly Cloudy,74,1
1,25,Austin,Cloudy,,1
2,25,Austin,Fog And Mist,87,1
3,25,Austin,Overcast,85,1
4,25,Austin,Overcast,75,1
5,25,Austin,Cloudy,81,1
6,25,Austin,Mist,80,1
7,25,Austin,Cloudy,86,1
14,25,Austin,Cloudy,82,1
8,25,Austin,Cloudy,81,1
9,25,Austin,Fog,86,1
10,25,Austin,mostly cloudy,80,1
11,25,Austin,Cloudy,81,1
12,25,Austin,Cloudy,93,1
1,31,Austin,Cloudy,,1
2,31,Austin,Overcast,87,1
3,31,Austin,Overcast,85,1
4,31,Austin,Overcast,77,1
5,31,Austin,Cloudy,84,1
6,31,Austin,Overcast,86,1
7,31,Austin,Cloudy,89,1
14,31,Austin,Cloudy,85,1
8,31,Austin,Cloudy,84,1
9,31,Austin,Cloudy,86,1
10,31,Austin,mostly cloudy,80,1
11,31,Austin,Cloudy,84,1
12,31,Austin,Cloudy,93,1
1,35,Austin,Cloudy,,1
2,35,Austin,Overcast,81,1
3,35,Austin,Overcast,85,1
4,35,Austin,Overcast,75,1
5,35,Austin,Cloudy,86,1
6,35,Austin,Overcast,88,1
7,35,Austin,Cloudy,81,1
14,35,Austin,Mostly Cloudy,89,1
8,35,Austin,Mostly Cloudy,88,1
9,35,Austin,Cloudy,80,1
10,35,Austin,mostly cloudy,87,1
11,35,Austin,Cloudy,85,1
12,35,Austin,Cloudy,93,1
1,38,Austin,Cloudy,,1
2,38,Austin,Overcast,81,1
3,38,Austin,Overcast,82,1
4,38,Austin,Overcast,75,1
5,38,Austin,Cloudy,85,1
6,38,Austin,Overcast,85,1
7,38,Austin,Cloudy,82,1
14,38,Austin,Cloudy,86,1
8,38,Austin,Cloudy,85,1
9,38,Austin,Short term forecastCloudy,80,1
10,38,Austin,mostly cloudy,87,1
11,38,Austin,Cloudy,85,1
12,38,Austin,Cloudy,86,1
1,39,Austin,Cloudy,,1
2,39,Austin,Overcast,87,1
3,39,Austin,Overcast,86,1
4,39,Austin,Overcast,77,1
5,39,Austin,Cloudy,85,1
6,39,Austin,Overcast,84,1
7,39,Austin,Cloudy,87,1
14,39,Austin,Cloudy,86,1
8,39,Austin,Cloudy,85,1
9,39,Austin,Short term forecastFog,87,1
10,39,Austin,mostly cloudy,87,1
11,39,Austin,Cloudy,85,1
12,39,Austin,Cloudy,86,1
1,43,Austin,Cloudy,,1
2,43,Austin,Fog And Mist,87,1
3,43,Austin,Overcast,89,1
4,43,Austin,Overcast,79,1
5,43,Austin,Showers,93,1
6,43,Austin,Mist,95,1
7,43,Austin,Cloudy,87,1
14,43,Austin,Drizzle,93,1
8,43,Austin,Showers,92,1
9,43,Austin,Short term forecastFog,93,1
10,43,Austin,mostly cloudy,93,1
11,43,Austin,Mist,93,1
12,43,Austin,Cloudy,93,1
1,50,Austin,Cloudy,,1
2,50,Austin,Fog And Mist,81,1
3,50,Austin,Haze,82,1
4,50,Austin,Haze,72,1
5,50,Austin,Fog,88,1
6,50,Austin,Hazy,77,1
7,50,Austin,Cloudy,82,1
14,50,Austin,Cloudy,89,1
8,50,Austin,Fog,81,1
9,50,Austin,Short term forecastHaze,81,1
10,50,Austin,mostly cloudy,81,1
11,50,Austin,Light Fog,88,1
12,50,Austin,Mostly Cloudy,87,1
13,60,Austin,Overcast,85,1
1,91,Austin,Partly Cloudy,,1
2,91,Austin,Overcast,65,1
3,91,Austin,Scattered Clouds,64,1
4,91,Austin,Scattered Clouds,53,1
5,91,Austin,Partly Cloudy,64,1
6,91,Austin,Partly Cloudy,52,1
7,91,Austin,Cloudy,63,1
14,91,Austin,Partly Cloudy,64,1
8,91,Austin,Partly Cloudy,64,1
9,91,Austin,Partly Cloudy,64,1
10,91,Austin,clear sky,64,1
11,91,Austin,Partly Cloudy,64,1
12,91,Austin,Cloudy,69,1
13,91,Austin,Partly Cloudy,64,1
1,104,Austin,Fair,,1
2,104,Austin,Clear,69,1
3,104,Austin,Clear,72,1
4,104,Austin,Clear,47,1
5,104,Austin,Partly Sunny,80,1
6,104,Austin,Clear,63,1
7,104,Austin,Partly Cloudy,65,1
14,104,Austin,Mostly Cloudy,73,1
8,104,Austin,Partly Sunny,80,1
9,104,Austin,Clear,69,1
10,104,Austin,clear sky,80,1
11,104,Austin,Partly Sunny,80,1
12,104,Austin,Cloudy,74,1
13,104,Austin,Fair,72,1
1,112,Austin,Fair,,1
2,112,Austin,Clear,53,1
3,112,Austin,Clear,53,1
4,112,Austin,Clear,47,1
5,112,Austin,Partly Sunny,55,1
6,112,Austin,Clear,41,1
7,112,Austin,Sunny,54,1
14,112,Austin,Partly Cloudy,60,1
8,112,Austin,Partly Sunny,55,1
9,112,Austin,Clear,52,1
10,112,Austin,clear sky,61,1
11,112,Austin,Partly Sunny,55,1
12,112,Austin,Partly Sunny,75,1
13,112,Austin,Fair,53,1
1,130,Austin,Cloudy,,1
2,130,Austin,Overcast,93,1
3,130,Austin,Overcast,85,1
4,130,Austin,Overcast,78,1
5,130,Austin,Cloudy,88,1
6,130,Austin,Overcast,87,1
7,130,Austin,Cloudy,84,1
14,130,Austin,Cloudy,88,1
8,130,Austin,Cloudy,88,1
9,130,Austin,Cloudy,93,1
10,130,Austin,mostly cloudy,86,1
11,130,Austin,Cloudy,88,1
12,130,Austin,Cloudy,86,1
13,130,Austin,Overcast,85,1
1,132,Austin,Cloudy,,1
2,132,Austin,Overcast,86,1
3,132,Austin,Overcast,85,1
4,132,Austin,Overcast,78,1
5,132,Austin,Cloudy,88,1
6,132,Austin,Overcast,89,1
7,132,Austin,Cloudy,82,1
14,132,Austin,Cloudy,88,1
8,132,Austin,Cloudy,88,1
9,132,Austin,Cloudy,86,1
10,132,Austin,mostly cloudy,86,1
11,132,Austin,Cloudy,88,1
12,132,Austin,Cloudy,92,1
13,132,Austin,Overcast,85,1
1,145,Austin,Cloudy,,1
2,145,Austin,Overcast,81,1
3,145,Austin,Haze,82,1
4,145,Austin,Haze,68,1
5,145,Austin,Cloudy,81,1
6,145,Austin,Hazy,70,1
7,145,Austin,Cloudy,80,1
14,145,Austin,Cloudy,85,1
8,145,Austin,Cloudy,81,1
9,145,Austin,Cloudy,80,1
10,145,Austin,mostly cloudy,80,1
11,145,Austin,Cloudy,81,1
12,145,Austin,Cloudy,93,1
13,145,Austin,Overcast with Haze,82,1
1,149,Austin,Light Rain,,1
2,149,Austin,Light Rain,93,1
3,149,Austin,Light Rain,93,1
4,149,Austin,Light Rain Mist,98,1
5,149,Austin,Rain,96,1
6,149,Austin,Light Rain,97,1
7,149,Austin,Showers,93,1
14,149,Austin,Showers,93,1
8,149,Austin,Rain,96,1
9,149,Austin,Short term forecastRain,93,1
10,149,Austin,moderate rain,93,1
11,149,Austin,Rain,96,1
12,149,Austin,Rain,100,1
1,154,Austin,Cloudy,,1
2,154,Austin,Fog And Mist,94,1
3,154,Austin,Overcast,93,1
4,154,Austin,Overcast,98,1
5,154,Austin,Showers,92,1
6,154,Austin,Mist,97,1
7,154,Austin,Cloudy,93,1
14,154,Austin,Drizzle,93,1
8,154,Austin,Showers,92,1
9,154,Austin,Short term forecastFog,93,1
10,154,Austin,mostly cloudy,93,1
11,154,Austin,Mist,92,1
12,154,Austin,Cloudy,93,1
1,156,Austin,Rain,,1
2,156,Austin,Rain,100,1
3,156,Austin,Light Rain,97,1
4,156,Austin,Light Rain Mist,98,1
5,156,Austin,Rain,93,1
6,156,Austin,Light Rain,97,1
7,156,Austin,Rain,100,1
8,156,Austin,Showers,92,1
9,156,Austin,Short term forecastRain,100,1
10,156,Austin,light rain,93,1
11,156,Austin,Rain,93,1
12,156,Austin,Rain,100,1
1,167,Austin,Cloudy,,1
2,167,Austin,Fog And Mist,93,1
3,167,Austin,Light Rain,96,1
4,167,Austin,Light Rain Mist,98,1
5,167,Austin,Fog,100,1
6,167,Austin,Light Rain,97,1
7,167,Austin,Cloudy,95,1
8,167,Austin,Fog,100,1
9,167,Austin,Short term forecastRain,93,1
10,167,Austin,mostly cloudy,100,1
11,167,Austin,Mist,100,1
12,167,Austin,Rain,100,1
13,174,Austin,Fog/Mist,93,1
1,205,Austin,Fog,,1
2,205,Austin,Fog And Mist,93,1
3,205,Austin,Overcast,93,1
4,205,Austin,Overcast,89,1
5,205,Austin,Showers,96,1
6,205,Austin,Mist,97,1
7,205,Austin,Fog,93,1
14,205,Austin,Cloudy,93,1
8,205,Austin,Showers,96,1
9,205,Austin,Short term forecastFog,93,1
10,205,Austin,mostly cloudy,100,1
11,205,Austin,Mist,96,1
12,205,Austin,Light Fog,100,1
1,209,Austin,Fog,,1
2,209,Austin,Fog And Mist,93,1
3,209,Austin,Overcast,93,1
4,209,Austin,Overcast,93,1
5,209,Austin,Rain,100,1
6,209,Austin,Mist,97,1
7,209,Austin,Fog,93,1
14,209,Austin,Drizzle,97,1
8,209,Austin,Showers,96,1
9,209,Austin,Fog,93,1
10,209,Austin,light rain,100,1
11,209,Austin,Rain,100,1
12,209,Austin,Light Fog,100,1
13,251,Austin,Fog/Mist,86,1
13,254,Austin,Fog/Mist,86,1
13,257,Austin,Overcast with Haze,80,1
1,259,Austin,Cloudy,,1
2,259,Austin,Hazy,77,1
3,259,Austin,Haze,80,1
4,259,Austin,Haze,75,1
5,259,Austin,Cloudy,76,1
6,259,Austin,Hazy,78,1
7,259,Austin,Cloudy,81,1
14,259,Austin,Cloudy,77,1
8,259,Austin,Cloudy,76,1
9,259,Austin,Short term forecastHaze,76,1
10,259,Austin,mostly cloudy,77,1
11,259,Austin,Cloudy,76,1
12,259,Austin,Cloudy,87,1
1,273,Austin,Light Rain,,1
2,273,Austin,Light Rain,87,1
3,273,Austin,Light Rain,86,1
4,273,Austin,Light Rain Mist,86,1
5,273,Austin,Rain,89,1
6,273,Austin,Light Rain,93,1
7,273,Austin,Showers,86,1
14,273,Austin,Cloudy,90,1
8,273,Austin,Cloudy,89,1
9,273,Austin,Rain,87,1
10,273,Austin,light rain,87,1
11,273,Austin,Rain,89,1
12,273,Austin,Rain,87,1
1,275,Austin,Rain,,1
2,275,Austin,Rain,93,1
3,275,Austin,Light Rain,93,1
4,275,Austin,Light Rain Mist,96,1
5,275,Austin,Rain,93,1
6,275,Austin,Light Rain,97,1
7,275,Austin,Rain,93,1
14,275,Austin,Rain,89,1
8,275,Austin,Rain,93,1
9,275,Austin,Short term forecastRain,93,1
10,275,Austin,light rain,93,1
11,275,Austin,Rain,93,1
12,275,Austin,Rain,100,1
1,280,Austin,Light Rain,,1
2,280,Austin,Light Rain,100,1
3,280,Austin,Light Rain,97,1
4,280,Austin,Light Rain Mist,98,1
5,280,Austin,Rain,92,1
6,280,Austin,Light Rain,97,1
7,280,Austin,Showers,97,1
14,280,Austin,Showers,96,1
8,280,Austin,Rain,92,1
9,280,Austin,Weather WarningsRain,100,1
10,280,Austin,light rain,93,1
11,280,Austin,Rain,92,1
12,280,Austin,Rain,100,1
13,302,Austin,Overcast,80,1
13,314,Austin,Light Rain Fog/Mist,93,1
13,315,Austin,Light Rain Fog/Mist,90,1
1,324,Baltimore,Fair,,1
2,324,Baltimore,Fair,38,1
3,324,Baltimore,Mostly Cloudy,43,1
4,324,Baltimore,Mostly Cloudy,50,1
5,324,Baltimore,Intermittent Clouds,43,1
6,324,Baltimore,Mostly Cloudy,42,1
7,324,Baltimore,Partly Cloudy,30,1
8,324,Baltimore,Intermittent Clouds,43,1
9,324,Baltimore,Mostly Cloudy,42,1
15,324,Baltimore,Mostly Cloudy,45,1
10,324,Baltimore,normal,38,1
11,324,Baltimore,Some Clouds,43,1
13,324,Baltimore,Mostly Cloudy,41,1
1,342,Baltimore,Clear,,1
2,342,Baltimore,Clear,46,1
3,342,Baltimore,Clear,53,1
4,342,Baltimore,Clear,50,1
5,342,Baltimore,Clear,52,1
6,342,Baltimore,Clear,46,1
7,342,Baltimore,Clear,37,1
8,342,Baltimore,Clear,52,1
9,342,Baltimore,Clear,53,1
15,342,Baltimore,Clear,52,1
10,342,Baltimore,normal,43,1
11,342,Baltimore,Clear,52,1
12,342,Baltimore,Clear,52,1
13,376,Baltimore,Fair,43,1
13,382,Baltimore,A Few Clouds,57,1
13,398,Baltimore,Overcast,40,1
1,407,Baltimore,Partly Cloudy,,1
2,407,Baltimore,Fair,30,1
3,407,Baltimore,Overcast,37,1
4,407,Baltimore,Overcast,47,1
5,407,Baltimore,Cloudy,36,1
6,407,Baltimore,Overcast,36,1
7,407,Baltimore,Cloudy,27,1
8,407,Baltimore,Cloudy,38,1
9,407,Baltimore,Cloudy,36,1
15,407,Baltimore,Cloudy,36,1
10,407,Baltimore,normal,30,1
11,407,Baltimore,Cloudy,36,1
12,407,Baltimore,Cloudy,36,1
13,407,Baltimore,Overcast,34,1
1,408,Baltimore,Partly Cloudy,,1
2,408,Baltimore,Fair,33,1
3,408,Baltimore,Overcast,37,1
4,408,Baltimore,Overcast,45,1
5,408,Baltimore,Cloudy,36,1
6,408,Baltimore,Overcast,36,1
7,408,Baltimore,Cloudy,28,1
8,408,Baltimore,Cloudy,36,1
9,408,Baltimore,Cloudy,36,1
15,408,Baltimore,Mostly Cloudy,40,1
10,408,Baltimore,normal,33,1
11,408,Baltimore,Cloudy,36,1
12,408,Baltimore,Cloudy,36,1
13,408,Baltimore,Mostly Cloudy,35,1
1,428,Baltimore,Snow,,1
2,428,Baltimore,Fair,79,1
3,428,Baltimore,Light Snow,84,1
4,428,Baltimore,Light Snow Mist,84,1
5,428,Baltimore,Snow,83,1
6,428,Baltimore,Snow,79,1
7,428,Baltimore,Snow,76,1
8,428,Baltimore,Snow,79,1
9,428,Baltimore,Weather WarningsSnow,79,1
10,428,Baltimore,normal,79,1
11,428,Baltimore,Snow And Fog,83,1
12,428,Baltimore,Snow/Fog,83,1
13,428,Baltimore,Snow,77,1
1,441,Baltimore,Light Snow,,1
2,441,Baltimore,Fair,63,1
3,441,Baltimore,Light Snow,81,1
4,441,Baltimore,Light Snow,77,1
5,441,Baltimore,Flurries,80,1
6,441,Baltimore,Snow,79,1
7,441,Baltimore,Snow Showers,55,1
8,441,Baltimore,Flurries,79,1
9,441,Baltimore,Weather WarningsSnow,79,1
15,441,Baltimore,Light Snow,80,1
10,441,Baltimore,normal,73,1
11,441,Baltimore,Light Snow,80,1
12,441,Baltimore,Light Snow,80,1
13,441,Baltimore,Light Snow,68,1
1,462,Baltimore,Sunny,,1
2,462,Baltimore,Fair,29,1
3,462,Baltimore,Clear,34,1
4,462,Baltimore,Clear,47,1
5,462,Baltimore,Sunny,33,1
6,462,Baltimore,Clear,33,1
7,462,Baltimore,Sunny,22,1
8,462,Baltimore,Sunny,33,1
9,462,Baltimore,Clear,33,1
15,462,Baltimore,Clear,34,1
10,462,Baltimore,normal,28,1
11,462,Baltimore,Sunny,33,1
12,462,Baltimore,Sunny,33,1
13,462,Baltimore,Fair,34,1
1,467,Baltimore,Sunny,,1
2,467,Baltimore,Fair,34,1
3,467,Baltimore,Clear,38,1
4,467,Baltimore,Clear,47,1
5,467,Baltimore,Sunny,37,1
6,467,Baltimore,Clear,37,1
7,467,Baltimore,Sunny,29,1
8,467,Baltimore,Sunny,36,1
9,467,Baltimore,Clear,37,1
15,467,Baltimore,Clear,37,1
10,467,Baltimore,normal,34,1
11,467,Baltimore,Sunny,37,1
12,467,Baltimore,Sunny,37,1
13,467,Baltimore,Fair,28,1
1,483,Baltimore,Fair,,1
2,483,Baltimore,Fair,51,1
3,483,Baltimore,Clear,59,1
4,483,Baltimore,Clear,65,1
5,483,Baltimore,Clear,61,1
6,483,Baltimore,Clear,64,1
7,483,Baltimore,Clear,53,1
8,483,Baltimore,Clear,61,1
9,483,Baltimore,Winter storm watchClear,59,1
15,483,Baltimore,Clear,60,1
10,483,Baltimore,normal,51,1
11,483,Baltimore,Clear,61,1
12,483,Baltimore,Clear,61,1
13,496,Baltimore,Mostly Cloudy,65,1
13,498,Baltimore,Partly Cloudy,60,1
1,517,Baltimore,Partly Cloudy,,1
2,517,Baltimore,Fair,48,1
3,517,Baltimore,Scattered Clouds,56,1
4,517,Baltimore,Scattered Clouds,55,1
5,517,Baltimore,Mostly Clear,55,1
6,517,Baltimore,Partly Cloudy,54,1
7,517,Baltimore,Partly Cloudy,43,1
8,517,Baltimore,Mostly Clear,55,1
9,517,Baltimore,Partly Cloudy,54,1
15,517,Baltimore,Mostly Cloudy,60,1
10,517,Baltimore,normal,47,1
11,517,Baltimore,Mostly Clear,55,1
12,517,Baltimore,Mostly Clear,55,1
1,528,Baltimore,Fair,,1
2,528,Baltimore,Fair,74,1
3,528,Baltimore,Mostly Cloudy,81,1
4,528,Baltimore,Scattered Clouds,75,1
5,528,Baltimore,Intermittent Clouds,81,1
6,528,Baltimore,Mostly Cloudy,86,1
7,528,Baltimore,Partly Cloudy,69,1
8,528,Baltimore,Intermittent Clouds,81,1
9,528,Baltimore,Mostly Cloudy,86,1
15,528,Baltimore,Mostly Clear,81,1
10,528,Baltimore,normal,74,1
11,528,Baltimore,Some Clouds,81,1
1,535,Baltimore,Cloudy,,1
2,535,Baltimore,Fair,69,1
3,535,Baltimore,Haze,82,1
4,535,Baltimore,Haze,74,1
5,535,Baltimore,Cloudy,81,1
6,535,Baltimore,Overcast,80,1
7,535,Baltimore,Cloudy,66,1
8,535,Baltimore,Cloudy,81,1
9,535,Baltimore,Haze,86,1
15,535,Baltimore,Haze,82,1
10,535,Baltimore,normal,69,1
11,535,Baltimore,Cloudy,81,1
12,535,Baltimore,Cloudy,81,1
13,552,Baltimore,Mostly Cloudy,61,1
13,565,Baltimore,Overcast,75,1
1,600,Baltimore,Partly Cloudy,,1
2,600,Baltimore,Fair,81,1
3,600,Baltimore,Overcast,87,1
4,600,Baltimore,Overcast,88,1
5,600,Baltimore,Cloudy,88,1
6,600,Baltimore,Mist,87,1
7,600,Baltimore,Mostly Cloudy,78,1
8,600,Baltimore,Cloudy,86,1
9,600,Baltimore,Fog,86,1
15,600,Baltimore,Mist,86,1
10,600,Baltimore,normal,80,1
11,600,Baltimore,Cloudy,88,1
12,600,Baltimore,Cloudy,86,1
13,611,Baltimore,Light Snow,79,1
13,625,Baltimore,Fog/Mist,85,1
1,646,Boston,Fair/Windy,,1
2,646,Boston,Clear,44,1
3,646,Boston,Clear,43,1
4,646,Boston,Clear,44,1
5,646,Boston,Clear,42,1
6,646,Boston,Clear,44,1
8,646,Boston,Clear,42,1
15,646,Boston,Clear,42,1
11,646,Boston,Clear,42,1
12,646,Boston,Clear,42,1
1,649,Boston,Fair/Windy,,1
2,649,Boston,Clear,37,1
3,649,Boston,Clear,39,1
4,649,Boston,Clear,34,1
5,649,Boston,Sunny,38,1
6,649,Boston,Clear,37,1
8,649,Boston,Sunny,38,1
15,649,Boston,Clear,38,1
11,649,Boston,Sunny,38,1
12,649,Boston,Sunny,38,1
1,655,Boston,Partly Cloudy,,1
2,655,Boston,Partly Cloudy,27,1
3,655,Boston,Partly Cloudy,26,1
4,655,Boston,Partly Cloudy,27,1
5,655,Boston,Mostly Sunny,26,1
6,655,Boston,Partly Cloudy,27,1
8,655,Boston,Mostly Sunny,26,1
15,655,Boston,Few Clouds,26,1
11,655,Boston,Mostly Sunny,26,1
12,655,Boston,Mostly Sunny,26,1
1,660,Boston,Partly Cloudy,,1
2,660,Boston,Partly Cloudy,31,1
3,660,Boston,Clear,36,1
4,660,Boston,Clear,36,1
5,660,Boston,Clear,35,1
6,660,Boston,Clear,36,1
8,660,Boston,Partly Cloudy,32,1
15,660,Boston,Clear,35,1
11,660,Boston,Clear,35,1
12,660,Boston,Partly Cloudy,32,1
1,669,Boston,Cloudy,,1
2,669,Boston,Overcast,39,1
3,669,Boston,Overcast,41,1
4,669,Boston,Overcast,42,1
5,669,Boston,Cloudy,40,1
6,669,Boston,Overcast,39,1
8,669,Boston,Cloudy,40,1
15,669,Boston,Cloudy,40,1
11,669,Boston,Cloudy,40,1
12,669,Boston,Cloudy,40,1
1,671,Boston,Cloudy,,1
2,671,Boston,Overcast,46,1
3,671,Boston,Overcast,45,1
4,671,Boston,Overcast,46,1
5,671,Boston,Cloudy,44,1
6,671,Boston,Overcast,46,1
8,671,Boston,Cloudy,44,1
15,671,Boston,Cloudy,44,1
11,671,Boston,Cloudy,44,1
12,671,Boston,Cloudy,44,1
1,673,Boston,Mostly Cloudy,,1
2,673,Boston,Mostly Cloudy,46,1
3,673,Boston,Mostly Cloudy,45,1
4,673,Boston,Mostly Cloudy,46,1
5,673,Boston,Intermittent Clouds,44,1
6,673,Boston,Mostly Cloudy,46,1
8,673,Boston,Intermittent Clouds,44,1
15,673,Boston,Mostly Cloudy,44,1
11,673,Boston,Some Clouds,44,1
1,676,Boston,Fair,,1
2,676,Boston,Clear,46,1
3,676,Boston,Clear,48,1
4,676,Boston,Clear,50,1
5,676,Boston,Clear,48,1
6,676,Boston,Clear,46,1
8,676,Boston,Clear,48,1
15,676,Boston,Clear,48,1
11,676,Boston,Clear,48,1
12,676,Boston,Clear,48,1
1,684,Boston,Partly Cloudy,,1
2,684,Boston,Partly Cloudy,37,1
3,684,Boston,Partly Cloudy,37,1
4,684,Boston,Partly Cloudy,34,1
5,684,Boston,Partly Sunny,36,1
6,684,Boston,Partly Cloudy,37,1
8,684,Boston,Partly Sunny,36,1
15,684,Boston,Few Clouds,36,1
11,684,Boston,Partly Sunny,36,1
12,684,Boston,Partly Sunny,36,1
1,692,Boston,Partly Cloudy,,1
2,692,Boston,Partly Cloudy,29,1
3,692,Boston,Scattered Clouds,29,1
4,692,Boston,Scattered Clouds,29,1
5,692,Boston,Mostly Clear,29,1
6,692,Boston,Partly Cloudy,29,1
8,692,Boston,Mostly Clear,29,1
15,692,Boston,Mostly Clear,29,1
11,692,Boston,Mostly Clear,29,1
12,692,Boston,Mostly Clear,29,1
1,731,Boston,Fair,,1
2,731,Boston,Clear,31,1
3,731,Boston,Clear,32,1
4,731,Boston,Clear,31,1
5,731,Boston,Clear,30,1
6,731,Boston,Clear,31,1
8,731,Boston,Clear,30,1
15,731,Boston,Clear,32,1
11,731,Boston,Clear,32,1
12,731,Boston,Clear,30,1
1,734,Boston,Fair,,1
2,734,Boston,Clear,36,1
3,734,Boston,Clear,37,1
4,734,Boston,Clear,36,1
5,734,Boston,Clear,36,1
6,734,Boston,Clear,36,1
8,734,Boston,Clear,33,1
15,734,Boston,Clear,36,1
11,734,Boston,Clear,36,1
12,734,Boston,Clear,36,1
1,746,Boston,Mostly Cloudy,,1
2,746,Boston,Mostly Cloudy,40,1
3,746,Boston,Scattered Clouds,41,1
4,746,Boston,Scattered Clouds,40,1
5,746,Boston,Partly Sunny,40,1
6,746,Boston,Partly Cloudy,41,1
8,746,Boston,Intermittent Clouds,42,1
15,746,Boston,Mostly Clear,40,1
11,746,Boston,Partly Sunny,40,1
1,756,Boston,Cloudy,,1
2,756,Boston,Overcast,38,1
3,756,Boston,Overcast,38,1
4,756,Boston,Overcast,38,1
5,756,Boston,Cloudy,38,1
6,756,Boston,Overcast,38,1
8,756,Boston,Cloudy,36,1
15,756,Boston,Cloudy,38,1
12,756,Boston,Cloudy,38,1
1,768,Boston,Cloudy,,1
2,768,Boston,Overcast,45,1
3,768,Boston,Overcast,45,1
4,768,Boston,Overcast,44,1
5,768,Boston,Cloudy,44,1
6,768,Boston,Overcast,45,1
8,768,Boston,Cloudy,47,1
15,768,Boston,Cloudy,45,1
11,768,Boston,Cloudy,44,1
12,768,Boston,Cloudy,44,1
1,774,Boston,Partly Cloudy,,1
2,774,Boston,Partly Cloudy,40,1
3,774,Boston,Scattered Clouds,39,1
4,774,Boston,Scattered Clouds,40,1
5,774,Boston,Partly Sunny,38,1
6,774,Boston,Partly Cloudy,40,1
8,774,Boston,Partly Sunny,38,1
15,774,Boston,Mostly Clear,38,1
11,774,Boston,Partly Sunny,38,1
12,774,Boston,Partly Sunny,38,1
1,776,Boston,Partly Cloudy,,1
2,776,Boston,Partly Cloudy,34,1
3,776,Boston,Scattered Clouds,36,1
4,776,Boston,Scattered Clouds,34,1
5,776,Boston,Partly Sunny,35,1
6,776,Boston,Partly Cloudy,40,1
8,776,Boston,Partly Sunny,38,1
15,776,Boston,Mostly Clear,35,1
11,776,Boston,Partly Sunny,35,1
12,776,Boston,Partly Sunny,35,1
1,789,Boston,Cloudy,,1
2,789,Boston,Overcast,60,1
3,789,Boston,Overcast,59,1
4,789,Boston,Overcast,55,1
5,789,Boston,Cloudy,58,1
6,789,Boston,Overcast,60,1
8,789,Boston,Cloudy,58,1
15,789,Boston,Cloudy,56,1
11,789,Boston,Cloudy,58,1
12,789,Boston,Cloudy,58,1
1,791,Boston,Cloudy,,1
2,791,Boston,Overcast,55,1
3,791,Boston,Overcast,56,1
4,791,Boston,Overcast,55,1
5,791,Boston,Cloudy,56,1
6,791,Boston,Overcast,55,1
8,791,Boston,Cloudy,56,1
15,791,Boston,Cloudy,56,1
11,791,Boston,Cloudy,56,1
12,791,Boston,Cloudy,56,1
1,798,Boston,Fair,,1
2,798,Boston,Clear,64,1
3,798,Boston,Clear,63,1
4,798,Boston,Clear,64,1
5,798,Boston,Clear,63,1
6,798,Boston,Clear,64,1
8,798,Boston,Clear,61,1
15,798,Boston,Clear,63,1
11,798,Boston,Clear,63,1
12,798,Boston,Clear,63,1
1,801,Boston,Fair,,1
2,801,Boston,Clear,64,1
3,801,Boston,Clear,66,1
4,801,Boston,Clear,63,1
5,801,Boston,Clear,65,1
6,801,Boston,Clear,64,1
8,801,Boston,Clear,63,1
15,801,Boston,Clear,65,1
11,801,Boston,Clear,65,1
12,801,Boston,Clear,65,1
1,831,Boston,Partly Cloudy,,1
2,831,Boston,Partly Cloudy,60,1
3,831,Boston,Scattered Clouds,59,1
4,831,Boston,Scattered Clouds,59,1
5,831,Boston,Partly Sunny,58,1
6,831,Boston,Partly Cloudy,60,1
8,831,Boston,Partly Sunny,58,1
15,831,Boston,Mostly Clear,58,1
11,831,Boston,Partly Sunny,58,1
12,831,Boston,Partly Sunny,58,1
1,831,Boston,Partly Cloudy,,1
2,831,Boston,Partly Cloudy,60,1
3,831,Boston,Scattered Clouds,59,1
4,831,Boston,Scattered Clouds,59,1
5,831,Boston,Partly Sunny,58,1
6,831,Boston,Partly Cloudy,60,1
1,837,Boston,Partly Cloudy,,1
2,837,Boston,Partly Cloudy,31,1
3,837,Boston,Partly Cloudy,32,1
4,837,Boston,Partly Cloudy,33,1
5,837,Boston,Mostly Clear,31,1
6,837,Boston,Partly Cloudy,31,1
8,837,Boston,Mostly Clear,31,1
15,837,Boston,Few Clouds,35,1
11,837,Boston,Mostly Clear,31,1
12,837,Boston,Mostly Clear,31,1
1,843,Boston,Partly Cloudy,,1
2,843,Boston,Overcast,46,1
3,843,Boston,Overcast,45,1
4,843,Boston,Overcast,46,1
5,843,Boston,Cloudy,44,1
6,843,Boston,Overcast,46,1
8,843,Boston,Partly Cloudy,42,1
15,843,Boston,Cloudy,44,1
11,843,Boston,Cloudy,44,1
12,843,Boston,Cloudy,44,1
1,848,Boston,Partly Cloudy,,1
2,848,Boston,Partly Cloudy,46,1
3,848,Boston,Partly Cloudy,49,1
4,848,Boston,Partly Cloudy,50,1
5,848,Boston,Partly Cloudy,48,1
6,848,Boston,Partly Cloudy,46,1
8,848,Boston,Partly Cloudy,48,1
15,848,Boston,Few Clouds,50,1
11,848,Boston,Partly Cloudy,48,1
12,848,Boston,Partly Cloudy,48,1
1,852,Boston,Partly Cloudy,,1
2,852,Boston,Partly Cloudy,54,1
3,852,Boston,Partly Cloudy,55,1
4,852,Boston,Partly Cloudy,54,1
5,852,Boston,Partly Cloudy,54,1
6,852,Boston,Partly Cloudy,54,1
8,852,Boston,Partly Cloudy,54,1
15,852,Boston,Mostly Clear,55,1
11,852,Boston,Partly Cloudy,54,1
12,852,Boston,Partly Cloudy,54,1
1,859,Boston,Mostly Cloudy,,1
2,859,Boston,Overcast,43,1
3,859,Boston,Overcast,41,1
4,859,Boston,Overcast,40,1
5,859,Boston,Cloudy,41,1
6,859,Boston,Mostly Cloudy,43,1
8,859,Boston,Intermittent Clouds,41,1
15,859,Boston,Cloudy,41,1
11,859,Boston,Cloudy,41,1
12,859,Boston,Cloudy,41,1
1,908,Boston,Cloudy,,1
2,908,Boston,Overcast,69,1
3,908,Boston,Overcast,66,1
4,908,Boston,Overcast,63,1
5,908,Boston,Cloudy,66,1
6,908,Boston,Overcast,69,1
8,908,Boston,Cloudy,63,1
15,908,Boston,Cloudy,66,1
11,908,Boston,Cloudy,66,1
12,908,Boston,Cloudy,66,1
1,961,Charlotte,Fair,,1
2,961,Charlotte,Clear,49,1
3,961,Charlotte,Overcast,51,1
4,961,Charlotte,Overcast,62,1
5,961,Charlotte,Cloudy,50,1
6,961,Charlotte,Clear,70,1
7,961,Charlotte,Mostly Cloudy,48,1
14,961,Charlotte,Cloudy,51,1
8,961,Charlotte,Cloudy,50,1
9,961,Charlotte,Winter storm warningClear,49,1
15,961,Charlotte,Clear,50,1
10,961,Charlotte,clear sky,45,1
11,961,Charlotte,Cloudy,50,1
12,961,Charlotte,Cloudy,50,1
1,965,Charlotte,Partly Cloudy,,1
2,965,Charlotte,Partly Cloudy,41,1
3,965,Charlotte,Scattered Clouds,41,1
4,965,Charlotte,Scattered Clouds,55,1
5,965,Charlotte,Partly Cloudy,40,1
6,965,Charlotte,Partly Cloudy,61,1
7,965,Charlotte,Partly Cloudy,44,1
14,965,Charlotte,Mostly Clear,43,1
8,965,Charlotte,Cloudy,41,1
9,965,Charlotte,Winter storm warningPartly Cloudy,41,1
15,965,Charlotte,Mostly Clear,40,1
10,965,Charlotte,clear sky,44,1
11,965,Charlotte,Partly Cloudy,40,1
12,965,Charlotte,Partly Cloudy,40,1
1,997,Charlotte,Partly Cloudy,,1
2,997,Charlotte,Fog And Mist,93,1
3,997,Charlotte,Scattered Clouds,96,1
4,997,Charlotte,Scattered Clouds,81,1
5,997,Charlotte,Partly Cloudy,95,1
6,997,Charlotte,Mist,81,1
7,997,Charlotte,Partly Cloudy,90,1
14,997,Charlotte,Mostly Clear,85,1
8,997,Charlotte,Partly Cloudy,91,1
9,997,Charlotte,Special weather statementFog,93,1
15,997,Charlotte,Mist,96,1
10,997,Charlotte,clear sky,86,1
11,997,Charlotte,Partly Cloudy,95,1
12,997,Charlotte,Partly Cloudy,95,1
1,1000,Charlotte,Mostly Cloudy,,1
2,1000,Charlotte,Fog And Mist,100,1
3,1000,Charlotte,Mostly Cloudy,100,1
4,1000,Charlotte,Mostly Cloudy,84,1
5,1000,Charlotte,Intermittent Clouds,100,1
6,1000,Charlotte,Mist,84,1
7,1000,Charlotte,Partly Cloudy,92,1
14,1000,Charlotte,Mostly Cloudy,90,1
8,1000,Charlotte,Intermittent Clouds,100,1
9,1000,Charlotte,Fog,100,1
15,1000,Charlotte,Mist,100,1
10,1000,Charlotte,clear sky,86,1
11,1000,Charlotte,Clouds And Sun,100,1
1,1001,Charlotte,Mostly Cloudy,,1
2,1001,Charlotte,Mostly Cloudy,93,1
3,1001,Charlotte,Mostly Cloudy,92,1
4,1001,Charlotte,Mostly Cloudy,81,1
5,1001,Charlotte,Intermittent Clouds,92,1
6,1001,Charlotte,Mostly Cloudy,81,1
7,1001,Charlotte,Partly Cloudy,91,1
14,1001,Charlotte,Mostly Cloudy,100,1
8,1001,Charlotte,Intermittent Clouds,100,1
9,1001,Charlotte,Mostly Cloudy,93,1
15,1001,Charlotte,Mostly Cloudy,92,1
10,1001,Charlotte,clear sky,93,1
11,1001,Charlotte,Clouds And Sun,92,1
1,1011,Charlotte,Partly Cloudy,,1
2,1011,Charlotte,Partly Cloudy,46,1
3,1011,Charlotte,Partly Cloudy,44,1
4,1011,Charlotte,Partly Cloudy,59,1
5,1011,Charlotte,Mostly Sunny,43,1
6,1011,Charlotte,Partly Cloudy,58,1
7,1011,Charlotte,Mostly Sunny,45,1
14,1011,Charlotte,Partly Cloudy,34,1
8,1011,Charlotte,Mostly Sunny,43,1
9,1011,Charlotte,Freezing Rain AdvisoryMostly Sunny,45,1
15,1011,Charlotte,Few Clouds,43,1
10,1011,Charlotte,clear sky,34,1
11,1011,Charlotte,Mostly Sunny,43,1
12,1011,Charlotte,Mostly Sunny,43,1
1,1074,Charlotte,Cloudy,,1
2,1074,Charlotte,Overcast,80,1
3,1074,Charlotte,Overcast,81,1
4,1074,Charlotte,Overcast,88,1
5,1074,Charlotte,Cloudy,81,1
6,1074,Charlotte,Overcast,80,1
7,1074,Charlotte,Cloudy,73,1
14,1074,Charlotte,Cloudy,77,1
8,1074,Charlotte,Cloudy,81,1
9,1074,Charlotte,Winter Weather AdvisoryCloudy,80,1
15,1074,Charlotte,Cloudy,81,1
10,1074,Charlotte,mostly cloudy,80,1
11,1074,Charlotte,Cloudy,81,1
12,1074,Charlotte,Cloudy,81,1
1,1080,Charlotte,Cloudy,,1
2,1080,Charlotte,Overcast,80,1
3,1080,Charlotte,Overcast,78,1
4,1080,Charlotte,Overcast,83,1
5,1080,Charlotte,Cloudy,77,1
6,1080,Charlotte,Overcast,80,1
7,1080,Charlotte,Cloudy,72,1
14,1080,Charlotte,Cloudy,69,1
8,1080,Charlotte,Cloudy,74,1
9,1080,Charlotte,Winter Weather AdvisoryCloudy,80,1
15,1080,Charlotte,Cloudy,78,1
10,1080,Charlotte,mostly cloudy,86,1
11,1080,Charlotte,Cloudy,77,1
12,1080,Charlotte,Cloudy,77,1
1,1083,Charlotte,Partly Cloudy,,1
2,1083,Charlotte,Partly Cloudy,74,1
3,1083,Charlotte,Scattered Clouds,74,1
4,1083,Charlotte,Scattered Clouds,82,1
5,1083,Charlotte,Partly Cloudy,74,1
6,1083,Charlotte,Partly Cloudy,80,1
7,1083,Charlotte,Mostly Cloudy,66,1
14,1083,Charlotte,Cloudy,66,1
8,1083,Charlotte,Cloudy,71,1
9,1083,Charlotte,Weather WarningsPartly Cloudy,74,1
15,1083,Charlotte,Mostly Clear,74,1
10,1083,Charlotte,mostly cloudy,86,1
11,1083,Charlotte,Partly Cloudy,74,1
12,1083,Charlotte,Partly Cloudy,74,1
1,1084,Charlotte,Partly Cloudy,,1
2,1084,Charlotte,Partly Cloudy,80,1
3,1084,Charlotte,Partly Cloudy,78,1
4,1084,Charlotte,Partly Cloudy,83,1
5,1084,Charlotte,Partly Cloudy,77,1
6,1084,Charlotte,Partly Cloudy,81,1
7,1084,Charlotte,Partly Cloudy,72,1
14,1084,Charlotte,Cloudy,66,1
8,1084,Charlotte,Partly Cloudy,74,1
9,1084,Charlotte,Weather WarningsMostly Sunny,79,1
15,1084,Charlotte,Few Clouds,78,1
10,1084,Charlotte,mostly cloudy,79,1
11,1084,Charlotte,Partly Cloudy,77,1
12,1084,Charlotte,Partly Cloudy,77,1
1,1086,Charlotte,Partly Cloudy,,1
2,1086,Charlotte,Partly Cloudy,80,1
3,1086,Charlotte,Partly Cloudy,81,1
4,1086,Charlotte,Partly Cloudy,86,1
5,1086,Charlotte,Partly Cloudy,80,1
6,1086,Charlotte,Partly Cloudy,81,1
7,1086,Charlotte,Partly Cloudy,77,1
14,1086,Charlotte,Partly Cloudy,73,1
8,1086,Charlotte,Partly Cloudy,80,1
9,1086,Charlotte,Winter Weather AdvisoryMostly Sunny,79,1
15,1086,Charlotte,Few Clouds,81,1
10,1086,Charlotte,mostly cloudy,73,1
11,1086,Charlotte,Partly Cloudy,80,1
12,1086,Charlotte,Partly Cloudy,80,1
1,1107,Charlotte,Fair,,1
2,1107,Charlotte,Clear,47,1
3,1107,Charlotte,Partly Cloudy,56,1
4,1107,Charlotte,Partly Cloudy,69,1
5,1107,Charlotte,Mostly Clear,55,1
6,1107,Charlotte,Partly Cloudy,69,1
7,1107,Charlotte,Mostly Clear,57,1
14,1107,Charlotte,Mostly Sunny,48,1
8,1107,Charlotte,Sunny,47,1
9,1107,Charlotte,Mostly Sunny,57,1
15,1107,Charlotte,Few Clouds,56,1
10,1107,Charlotte,clear sky,47,1
11,1107,Charlotte,Mostly Clear,55,1
12,1107,Charlotte,Mostly Clear,55,1
1,1113,Charlotte,Fair,,1
2,1113,Charlotte,Clear,70,1
3,1113,Charlotte,Clear,70,1
4,1113,Charlotte,Clear,80,1
5,1113,Charlotte,Clear,70,1
6,1113,Charlotte,Clear,82,1
7,1113,Charlotte,Clear,70,1
14,1113,Charlotte,Mostly Clear,58,1
8,1113,Charlotte,Clear,70,1
9,1113,Charlotte,Clear,70,1
15,1113,Charlotte,Clear,70,1
10,1113,Charlotte,clear sky,87,1
11,1113,Charlotte,Clear,70,1
12,1113,Charlotte,Clear,70,1
1,1152,Charlotte,Mostly Cloudy,,1
2,1152,Charlotte,Mostly Cloudy,70,1
3,1152,Charlotte,Mostly Cloudy,68,1
4,1152,Charlotte,Mostly Cloudy,60,1
5,1152,Charlotte,Intermittent Clouds,67,1
6,1152,Charlotte,Mostly Cloudy,68,1
7,1152,Charlotte,Partly Cloudy,57,1
14,1152,Charlotte,Partly Cloudy,82,1
8,1152,Charlotte,Intermittent Clouds,67,1
9,1152,Charlotte,Winter storm watchMostly Cloudy,70,1
15,1152,Charlotte,Mostly Cloudy,67,1
10,1152,Charlotte,clear sky,56,1
11,1152,Charlotte,Clouds And Sun,67,1
1,1152,Charlotte,Mostly Cloudy,,1
2,1152,Charlotte,Mostly Cloudy,70,1
3,1152,Charlotte,Mostly Cloudy,50,1
4,1152,Charlotte,Mostly Cloudy,57,1
1,1154,Charlotte,Partly Cloudy,,1
2,1154,Charlotte,Partly Cloudy,49,1
3,1154,Charlotte,Partly Cloudy,49,1
4,1154,Charlotte,Partly Cloudy,65,1
5,1154,Charlotte,Mostly Clear,48,1
6,1154,Charlotte,Partly Cloudy,63,1
7,1154,Charlotte,Mostly Clear,49,1
14,1154,Charlotte,Partly Cloudy,44,1
8,1154,Charlotte,Mostly Sunny,43,1
9,1154,Charlotte,Freezing Rain AdvisoryMostly Sunny,49,1
15,1154,Charlotte,Few Clouds,49,1
10,1154,Charlotte,clear sky,34,1
11,1154,Charlotte,Mostly Clear,48,1
12,1154,Charlotte,Mostly Clear,48,1
1,1166,Charlotte,Cloudy,,1
2,1166,Charlotte,Overcast,70,1
3,1166,Charlotte,Overcast,70,1
4,1166,Charlotte,Overcast,81,1
5,1166,Charlotte,Cloudy,69,1
6,1166,Charlotte,Overcast,81,1
7,1166,Charlotte,Cloudy,72,1
14,1166,Charlotte,Cloudy,70,1
8,1166,Charlotte,Cloudy,69,1
9,1166,Charlotte,Weather WarningsCloudy,69,1
15,1166,Charlotte,Cloudy,69,1
10,1166,Charlotte,mostly cloudy,60,1
11,1166,Charlotte,Cloudy,69,1
12,1166,Charlotte,Cloudy,69,1
1,1183,Charlotte,Light Drizzle,,1
2,1183,Charlotte,Drizzle,93,1
3,1183,Charlotte,Light Drizzle,93,1
4,1183,Charlotte,Light Drizzle Mist,96,1
5,1183,Charlotte,Showers,92,1
6,1183,Charlotte,Drizzle,86,1
7,1183,Charlotte,Cloudy,90,1
14,1183,Charlotte,Drizzle,97,1
8,1183,Charlotte,Showers,96,1
9,1183,Charlotte,Short term forecastRain,93,1
10,1183,Charlotte,mostly cloudy,93,1
11,1183,Charlotte,Mist,92,1
12,1183,Charlotte,Mist,92,1
1,1224,Charlotte,Fog,,1
2,1224,Charlotte,Fog And Mist,93,1
3,1224,Charlotte,Overcast,96,1
4,1224,Charlotte,Overcast,97,1
5,1224,Charlotte,Fog,95,1
6,1224,Charlotte,Mist,87,1
7,1224,Charlotte,Cloudy,92,1
14,1224,Charlotte,Foggy,96,1
8,1224,Charlotte,Fog,95,1
9,1224,Charlotte,Special weather statementFog,93,1
15,1224,Charlotte,Mist,96,1
10,1224,Charlotte,mostly cloudy,93,1
11,1224,Charlotte,Light Fog,95,1
12,1224,Charlotte,Light Fog,95,1
1,1226,Charlotte,Fog,,1
2,1226,Charlotte,Fog And Mist,93,1
3,1226,Charlotte,Overcast,93,1
4,1226,Charlotte,Overcast,97,1
5,1226,Charlotte,Fog,95,1
6,1226,Charlotte,Mist,88,1
7,1226,Charlotte,Cloudy,92,1
14,1226,Charlotte,Foggy,96,1
8,1226,Charlotte,Fog,95,1
9,1226,Charlotte,Special weather statementFog,93,1
15,1226,Charlotte,Mist,93,1
10,1226,Charlotte,mostly cloudy,93,1
11,1226,Charlotte,Light Fog,95,1
12,1226,Charlotte,Light Fog,95,1
1,1234,Charlotte,Fog,,1
2,1234,Charlotte,Fog,100,1
3,1234,Charlotte,Fog,100,1
4,1234,Charlotte,Fog,98,1
5,1234,Charlotte,Fog,100,1
6,1234,Charlotte,Fog,88,1
7,1234,Charlotte,Fog,98,1
14,1234,Charlotte,Foggy,97,1
8,1234,Charlotte,Fog,100,1
9,1234,Charlotte,Special weather statementFog,100,1
15,1234,Charlotte,Fog,100,1
10,1234,Charlotte,mostly cloudy,100,1
11,1234,Charlotte,Dense Fog,100,1
12,1234,Charlotte,Dense Fog,100,1
1,1237,Charlotte,Fog,,1
2,1237,Charlotte,Fog,100,1
3,1237,Charlotte,Fog,100,1
4,1237,Charlotte,Fog,98,1
5,1237,Charlotte,Fog,100,1
6,1237,Charlotte,Fog,88,1
7,1237,Charlotte,Fog,95,1
14,1237,Charlotte,Foggy,100,1
8,1237,Charlotte,Fog,100,1
9,1237,Charlotte,Weather WarningsFog,100,1
15,1237,Charlotte,Fog,100,1
10,1237,Charlotte,mostly cloudy,93,1
11,1237,Charlotte,Dense Fog,100,1
12,1237,Charlotte,Dense Fog,100,1
1,1239,Charlotte,Fog,,1
2,1239,Charlotte,Fog,100,1
3,1239,Charlotte,Fog,100,1
4,1239,Charlotte,Fog,98,1
5,1239,Charlotte,Fog,100,1
6,1239,Charlotte,Fog,87,1
7,1239,Charlotte,Fog,94,1
14,1239,Charlotte,Foggy,100,1
8,1239,Charlotte,Fog,100,1
9,1239,Charlotte,Fog,100,1
15,1239,Charlotte,Fog,100,1
10,1239,Charlotte,mostly cloudy,100,1
11,1239,Charlotte,Dense Fog,100,1
12,1239,Charlotte,Dense Fog,100,1
1,1240,Charlotte,Fog,,1
2,1240,Charlotte,Fog And Mist,93,1
3,1240,Charlotte,Overcast,96,1
4,1240,Charlotte,Overcast,98,1
5,1240,Charlotte,Fog,95,1
6,1240,Charlotte,Mist,87,1
7,1240,Charlotte,Fog,93,1
14,1240,Charlotte,Foggy,100,1
8,1240,Charlotte,Fog,100,1
9,1240,Charlotte,Fog,100,1
15,1240,Charlotte,Mist,100,1
10,1240,Charlotte,mostly cloudy,100,1
11,1240,Charlotte,Light Fog,100,1
12,1240,Charlotte,Foggy,95,1
1,1286,Chicago,Cloudy,,1
2,1286,Chicago,Mostly Cloudy,60,1
3,1286,Chicago,Mostly Cloudy,61,1
4,1286,Chicago,Mostly Cloudy,56,1
5,1286,Chicago,Intermittent Clouds,57,1
6,1286,Chicago,Mostly Cloudy,60,1
7,1286,Chicago,Mostly Cloudy,47,1
14,1286,Chicago,Cloudy,45,1
8,1286,Chicago,Cloudy,57,1
9,1286,Chicago,Mostly Cloudy,61,1
15,1286,Chicago,Mostly Cloudy,60,1
10,1286,Chicago,mostly cloudy,51,1
11,1286,Chicago,Some Clouds,57,1
13,1286,Chicago,Mostly Cloudy,60,1
1,1288,Chicago,Mostly Cloudy,,1
2,1288,Chicago,Mostly Cloudy,56,1
3,1288,Chicago,Mostly Cloudy,58,1
4,1288,Chicago,Mostly Cloudy,54,1
5,1288,Chicago,Intermittent Clouds,57,1
6,1288,Chicago,Mostly Cloudy,56,1
7,1288,Chicago,Mostly Cloudy,44,1
14,1288,Chicago,Mostly Cloudy,54,1
8,1288,Chicago,Intermittent Clouds,57,1
9,1288,Chicago,Mostly Cloudy,56,1
15,1288,Chicago,Mostly Cloudy,57,1
10,1288,Chicago,mostly cloudy,55,1
11,1288,Chicago,Clouds And Sun,57,1
13,1288,Chicago,Mostly Cloudy,55,1
1,1294,Chicago,Mostly Cloudy,,1
2,1294,Chicago,Mostly Cloudy,49,1
3,1294,Chicago,Mostly Cloudy,50,1
4,1294,Chicago,Mostly Cloudy,55,1
5,1294,Chicago,Intermittent Clouds,42,1
6,1294,Chicago,Mostly Cloudy,49,1
7,1294,Chicago,Cloudy,33,1
14,1294,Chicago,Mostly Cloudy,40,1
8,1294,Chicago,Intermittent Clouds,42,1
9,1294,Chicago,Mostly Cloudy,49,1
15,1294,Chicago,Mostly Cloudy,49,1
10,1294,Chicago,mostly cloudy,49,1
11,1294,Chicago,Clouds And Sun,42,1
13,1294,Chicago,Mostly Cloudy,50,1
1,1298,Chicago,Mostly Cloudy,,1
2,1298,Chicago,Mostly Cloudy,63,1
3,1298,Chicago,Mostly Cloudy,62,1
4,1298,Chicago,Mostly Cloudy,66,1
5,1298,Chicago,Partly Sunny,57,1
6,1298,Chicago,Mostly Cloudy,63,1
7,1298,Chicago,Cloudy,53,1
14,1298,Chicago,Mostly Cloudy,52,1
8,1298,Chicago,Partly Sunny,57,1
9,1298,Chicago,Mostly Cloudy,63,1
15,1298,Chicago,Mostly Cloudy,62,1
10,1298,Chicago,mostly cloudy,62,1
11,1298,Chicago,Partly Sunny,57,1
13,1298,Chicago,Mostly Cloudy,62,1
1,1304,Chicago,Partly Cloudy,,1
2,1304,Chicago,Partly Cloudy,58,1
3,1304,Chicago,Partly Cloudy,60,1
4,1304,Chicago,Partly Cloudy,50,1
5,1304,Chicago,Mostly Clear,62,1
6,1304,Chicago,Partly Cloudy,58,1
7,1304,Chicago,Partly Cloudy,52,1
14,1304,Chicago,Mostly Clear,59,1
8,1304,Chicago,Mostly Clear,62,1
9,1304,Chicago,Mostly Sunny,58,1
15,1304,Chicago,Few Clouds,60,1
10,1304,Chicago,clear sky,58,1
11,1304,Chicago,Mostly Clear,62,1
12,1304,Chicago,Mostly Clear,59,1
1,1308,Chicago,Partly Cloudy,,1
2,1308,Chicago,Partly Cloudy,63,1
3,1308,Chicago,Scattered Clouds,62,1
4,1308,Chicago,Scattered Clouds,55,1
5,1308,Chicago,Mostly Clear,71,1
6,1308,Chicago,Partly Cloudy,63,1
7,1308,Chicago,Partly Cloudy,58,1
14,1308,Chicago,Partly Cloudy,53,1
8,1308,Chicago,Mostly Clear,71,1
9,1308,Chicago,Partly Cloudy,63,1
15,1308,Chicago,Mostly Clear,62,1
10,1308,Chicago,clear sky,62,1
11,1308,Chicago,Mostly Clear,71,1
12,1308,Chicago,Mostly Clear,62,1
1,1313,Chicago,Cloudy,,1
2,1313,Chicago,Overcast,63,1
3,1313,Chicago,Overcast,60,1
4,1313,Chicago,Overcast,60,1
5,1313,Chicago,Partly Cloudy,62,1
6,1313,Chicago,Overcast,63,1
7,1313,Chicago,Mostly Cloudy,61,1
14,1313,Chicago,Mostly Cloudy,62,1
8,1313,Chicago,Mostly Clear,70,1
9,1313,Chicago,Cloudy,63,1
15,1313,Chicago,Cloudy,60,1
10,1313,Chicago,mostly cloudy,67,1
11,1313,Chicago,Partly Cloudy,62,1
12,1313,Chicago,Cloudy,59,1
1,1317,Chicago,Cloudy,,1
2,1317,Chicago,Overcast,63,1
3,1317,Chicago,Overcast,63,1
4,1317,Chicago,Overcast,59,1
5,1317,Chicago,Cloudy,62,1
6,1317,Chicago,Overcast,63,1
7,1317,Chicago,Cloudy,65,1
14,1317,Chicago,Cloudy,59,1
8,1317,Chicago,Cloudy,62,1
9,1317,Chicago,Cloudy,63,1
15,1317,Chicago,Cloudy,62,1
10,1317,Chicago,mostly cloudy,62,1
11,1317,Chicago,Cloudy,62,1
12,1317,Chicago,Cloudy,62,1
1,1318,Chicago,Cloudy,,1
2,1318,Chicago,Overcast,63,1
3,1318,Chicago,Overcast,63,1
4,1318,Chicago,Overcast,60,1
5,1318,Chicago,Cloudy,62,1
6,1318,Chicago,Overcast,63,1
7,1318,Chicago,Cloudy,61,1
14,1318,Chicago,Cloudy,56,1
8,1318,Chicago,Cloudy,62,1
9,1318,Chicago,Cloudy,63,1
15,1318,Chicago,Cloudy,62,1
10,1318,Chicago,mostly cloudy,62,1
11,1318,Chicago,Cloudy,62,1
12,1318,Chicago,Cloudy,62,1
1,1331,Chicago,Cloudy,,1
2,1331,Chicago,Hazy,55,1
3,1331,Chicago,Haze,54,1
4,1331,Chicago,Haze,62,1
5,1331,Chicago,Cloudy,55,1
6,1331,Chicago,Hazy,55,1
7,1331,Chicago,Cloudy,52,1
14,1331,Chicago,Cloudy,46,1
8,1331,Chicago,Cloudy,55,1
9,1331,Chicago,Haze,55,1
15,1331,Chicago,Haze,54,1
10,1331,Chicago,mostly cloudy,55,1
11,1331,Chicago,Cloudy,55,1
12,1331,Chicago,Cloudy,53,1
13,1333,Chicago,A Few Clouds,60,1
13,1335,Chicago,Fair,65,1
13,1341,Chicago,Partly Cloudy,65,1
13,1342,Chicago,Partly Cloudy,65,1
13,1343,Chicago,A Few Clouds,68,1
13,1350,Chicago,Overcast,62,1
1,1365,Chicago,Mostly Cloudy,,1
2,1365,Chicago,Mostly Cloudy,68,1
3,1365,Chicago,Mostly Cloudy,65,1
4,1365,Chicago,Mostly Cloudy,66,1
5,1365,Chicago,Intermittent Clouds,59,1
6,1365,Chicago,Mostly Cloudy,68,1
7,1365,Chicago,Cloudy,52,1
14,1365,Chicago,Mostly Cloudy,56,1
8,1365,Chicago,Partly Sunny,57,1
9,1365,Chicago,Mostly Cloudy,67,1
15,1365,Chicago,Mostly Cloudy,65,1
10,1365,Chicago,mostly cloudy,62,1
11,1365,Chicago,Clouds And Sun,59,1
13,1365,Chicago,Mostly Cloudy,65,1
1,1388,Chicago,Partly Cloudy,,1
2,1388,Chicago,Partly Cloudy,54,1
3,1388,Chicago,Scattered Clouds,55,1
4,1388,Chicago,Scattered Clouds,56,1
5,1388,Chicago,Mostly Cloudy,59,1
6,1388,Chicago,Partly Cloudy,54,1
7,1388,Chicago,Partly Cloudy,42,1
14,1388,Chicago,Partly Cloudy,48,1
8,1388,Chicago,Mostly Cloudy,59,1
9,1388,Chicago,Partly Cloudy,54,1
15,1388,Chicago,Mostly Clear,55,1
10,1388,Chicago,clear sky,58,1
11,1388,Chicago,Mostly Cloudy,59,1
12,1388,Chicago,Partly Sunny,54,1
13,1388,Chicago,Partly Cloudy,55,1
1,1393,Chicago,Partly Cloudy,,1
2,1393,Chicago,Partly Cloudy,63,1
3,1393,Chicago,Mostly Cloudy,66,1
4,1393,Chicago,Mostly Cloudy,64,1
5,1393,Chicago,Intermittent Clouds,62,1
6,1393,Chicago,Partly Cloudy,63,1
7,1393,Chicago,Partly Cloudy,53,1
14,1393,Chicago,Partly Cloudy,56,1
8,1393,Chicago,Intermittent Clouds,62,1
9,1393,Chicago,Mostly Cloudy,68,1
15,1393,Chicago,Mostly Cloudy,65,1
10,1393,Chicago,clear sky,62,1
11,1393,Chicago,Clouds And Sun,62,1
12,1393,Chicago,Partly Sunny,62,1
13,1393,Chicago,Mostly Cloudy,66,1
1,1403,Chicago,Cloudy,,1
2,1403,Chicago,Overcast,73,1
3,1403,Chicago,Overcast,74,1
4,1403,Chicago,Overcast,70,1
5,1403,Chicago,Cloudy,74,1
6,1403,Chicago,Overcast,73,1
7,1403,Chicago,Mostly Cloudy,71,1
14,1403,Chicago,Mostly Cloudy,62,1
8,1403,Chicago,Cloudy,74,1
9,1403,Chicago,Cloudy,73,1
15,1403,Chicago,Cloudy,74,1
10,1403,Chicago,mostly cloudy,68,1
11,1403,Chicago,Cloudy,74,1
12,1403,Chicago,Cloudy,74,1
13,1403,Chicago,Overcast,74,1
1,1406,Chicago,Mostly Cloudy,,1
2,1406,Chicago,Mostly Cloudy,73,1
3,1406,Chicago,Mostly Cloudy,71,1
4,1406,Chicago,Mostly Cloudy,71,1
5,1406,Chicago,Intermittent Clouds,76,1
6,1406,Chicago,Mostly Cloudy,73,1
7,1406,Chicago,Mostly Cloudy,63,1
14,1406,Chicago,Mostly Cloudy,66,1
8,1406,Chicago,Intermittent Clouds,76,1
9,1406,Chicago,Mostly Cloudy,73,1
15,1406,Chicago,Mostly Cloudy,71,1
10,1406,Chicago,mostly cloudy,73,1
11,1406,Chicago,Some Clouds,76,1
12,1406,Chicago,Cloudy,71,1
13,1406,Chicago,Mostly Cloudy,71,1
1,1411,Chicago,Mostly Cloudy,,1
2,1411,Chicago,Mostly Cloudy,79,1
3,1411,Chicago,Mostly Cloudy,78,1
4,1411,Chicago,Mostly Cloudy,74,1
5,1411,Chicago,Mostly Cloudy,80,1
6,1411,Chicago,Mostly Cloudy,79,1
7,1411,Chicago,Mostly Cloudy,76,1
14,1411,Chicago,Mostly Cloudy,68,1
8,1411,Chicago,Cloudy,84,1
9,1411,Chicago,Mostly Cloudy,79,1
15,1411,Chicago,Mostly Cloudy,77,1
10,1411,Chicago,mostly cloudy,73,1
11,1411,Chicago,Mostly Cloudy,80,1
12,1411,Chicago,Cloudy,77,1
13,1411,Chicago,Mostly Cloudy,77,1
1,1416,Chicago,Partly Cloudy,,1
2,1416,Chicago,Partly Cloudy,79,1
3,1416,Chicago,Partly Cloudy,71,1
4,1416,Chicago,Partly Cloudy,68,1
5,1416,Chicago,Mostly Sunny,80,1
6,1416,Chicago,Partly Cloudy,73,1
7,1416,Chicago,Partly Cloudy,71,1
14,1416,Chicago,Partly Cloudy,76,1
8,1416,Chicago,Mostly Sunny,80,1
9,1416,Chicago,Mostly Sunny,79,1
15,1416,Chicago,Few Clouds,71,1
10,1416,Chicago,clear sky,79,1
11,1416,Chicago,Mostly Sunny,80,1
12,1416,Chicago,Partly Sunny,80,1
13,1416,Chicago,A Few Clouds,71,1
1,1438,Chicago,Partly Cloudy,,1
2,1438,Chicago,Hazy,74,1
3,1438,Chicago,Haze,78,1
4,1438,Chicago,Haze,73,1
5,1438,Chicago,Intermittent Clouds,88,1
6,1438,Chicago,Hazy,74,1
7,1438,Chicago,Partly Cloudy,78,1
8,1438,Chicago,Intermittent Clouds,80,1
9,1438,Chicago,Air Quality AlertHaze,74,1
15,1438,Chicago,Haze,77,1
10,1438,Chicago,clear sky,74,1
11,1438,Chicago,Some Clouds,88,1
1,1440,Chicago,Cloudy,,1
2,1440,Chicago,Hazy,74,1
3,1440,Chicago,Haze,78,1
4,1440,Chicago,Haze,74,1
5,1440,Chicago,Cloudy,88,1
6,1440,Chicago,Hazy,74,1
7,1440,Chicago,Cloudy,80,1
8,1440,Chicago,Intermittent Clouds,88,1
9,1440,Chicago,Air Quality AlertHaze,74,1
15,1440,Chicago,Haze,77,1
10,1440,Chicago,mostly cloudy,74,1
11,1440,Chicago,Cloudy,88,1
12,1440,Chicago,Cloudy,77,1
13,1450,Chicago,Overcast,72,1
13,1462,Chicago,Overcast with Haze,78,1
13,1468,Chicago,Overcast with Haze,78,1
1,1472,Chicago,Partly Cloudy,,1
2,1472,Chicago,Partly Cloudy,61,1
3,1472,Chicago,Partly Cloudy,61,1
4,1472,Chicago,Partly Cloudy,53,1
5,1472,Chicago,Partly Sunny,63,1
6,1472,Chicago,Partly Cloudy,61,1
7,1472,Chicago,Partly Cloudy,50,1
14,1472,Chicago,Partly Cloudy,61,1
8,1472,Chicago,Partly Sunny,63,1
9,1472,Chicago,Mostly Sunny,61,1
15,1472,Chicago,Few Clouds,61,1
10,1472,Chicago,clear sky,61,1
11,1472,Chicago,Partly Sunny,63,1
12,1472,Chicago,Partly Sunny,60,1
13,1472,Chicago,Partly Cloudy,58,1
1,1472,Chicago,Partly Cloudy,,1
2,1472,Chicago,Partly Cloudy,61,1
3,1472,Chicago,Scattered Clouds,58,1
4,1472,Chicago,Scattered Clouds,51,1
5,1472,Chicago,Partly Sunny,60,1
1,1486,Chicago,Light Snow,,1
2,1486,Chicago,Light Snow,93,1
3,1486,Chicago,Light Snow,93,1
4,1486,Chicago,Light Snow Mist,86,1
5,1486,Chicago,Flurries,92,1
6,1486,Chicago,Snow,93,1
7,1486,Chicago,Snow Showers,88,1
14,1486,Chicago,Snow Shower,83,1
8,1486,Chicago,Flurries,86,1
9,1486,Chicago,Snow,93,1
15,1486,Chicago,"Light Snow, Mist",93,1
10,1486,Chicago,light snow,93,1
11,1486,Chicago,Lgt.Snow/Fog,92,1
12,1486,Chicago,Light Snow/Fog,92,1
1,1503,Chicago,Cloudy,,1
2,1503,Chicago,Hazy,75,1
3,1503,Chicago,Haze,75,1
4,1503,Chicago,Haze,72,1
5,1503,Chicago,Cloudy,81,1
6,1503,Chicago,Hazy,75,1
7,1503,Chicago,Cloudy,81,1
14,1503,Chicago,Cloudy,73,1
8,1503,Chicago,Flurries,82,1
9,1503,Chicago,Haze,74,1
15,1503,Chicago,Haze,74,1
10,1503,Chicago,mostly cloudy,74,1
11,1503,Chicago,Cloudy,81,1
12,1503,Chicago,Cloudy,74,1
13,1507,Chicago,Overcast with Haze,63,1
1,1546,Chicago,Haze,,1
2,1546,Chicago,Hazy,80,1
3,1546,Chicago,Haze,81,1
4,1546,Chicago,Haze,80,1
5,1546,Chicago,Cloudy,86,1
6,1546,Chicago,Hazy,80,1
7,1546,Chicago,Cloudy,79,1
14,1546,Chicago,Cloudy,74,1
8,1546,Chicago,Cloudy,81,1
9,1546,Chicago,Haze,80,1
15,1546,Chicago,Haze,81,1
10,1546,Chicago,mostly cloudy,80,1
11,1546,Chicago,Cloudy,86,1
12,1546,Chicago,Cloudy,81,1
1,1557,Chicago,Cloudy,,1
2,1557,Chicago,Hazy,80,1
3,1557,Chicago,Haze,81,1
4,1557,Chicago,Haze,82,1
5,1557,Chicago,Cloudy,80,1
6,1557,Chicago,Hazy,80,1
7,1557,Chicago,Cloudy,77,1
14,1557,Chicago,Cloudy,77,1
8,1557,Chicago,Cloudy,80,1
9,1557,Chicago,Haze,80,1
15,1557,Chicago,Haze,81,1
10,1557,Chicago,mostly cloudy,79,1
11,1557,Chicago,Cloudy,80,1
12,1557,Chicago,Cloudy,80,1
13,1570,Chicago,Light Snow Fog/Mist,85,1
13,1573,Chicago,Light Snow,79,1
13,1583,Chicago,Overcast with Haze,81,1
13,1588,Chicago,Overcast with Haze,81,1
1,1611,Columbus,Fair,,1
2,1611,Columbus,Overcast,52,1
3,1611,Columbus,Clear,56,1
4,1611,Columbus,Clear,59,1
5,1611,Columbus,Cloudy,49,1
6,1611,Columbus,Overcast,52,1
7,1611,Columbus,Mostly Cloudy,41,1
8,1611,Columbus,Sunny,55,1
9,1611,Columbus,Cloudy,52,1
10,1611,Columbus,clear sky,56,1
11,1611,Columbus,Cloudy,51,1
12,1611,Columbus,Cloudy,49,1
1,1614,Columbus,Fair,,1
2,1614,Columbus,Mostly Cloudy,48,1
3,1614,Columbus,Clear,54,1
4,1614,Columbus,Clear,59,1
5,1614,Columbus,Cloudy,49,1
6,1614,Columbus,Mostly Cloudy,48,1
7,1614,Columbus,Partly Cloudy,46,1
8,1614,Columbus,Sunny,53,1
9,1614,Columbus,Mostly Cloudy,48,1
10,1614,Columbus,clear sky,52,1
11,1614,Columbus,Cloudy,49,1
1,1631,Columbus,Fair,,1
2,1631,Columbus,Mostly Cloudy,73,1
3,1631,Columbus,Clear,77,1
4,1631,Columbus,Clear,87,1
5,1631,Columbus,Intermittent Clouds,74,1
6,1631,Columbus,Partly Cloudy,73,1
7,1631,Columbus,Mostly Clear,74,1
8,1631,Columbus,Clear,76,1
9,1631,Columbus,Mostly Cloudy,73,1
10,1631,Columbus,clear sky,73,1
11,1631,Columbus,Some Clouds,74,1
1,1633,Columbus,Fair,,1
2,1633,Columbus,Partly Cloudy,79,1
3,1633,Columbus,Clear,84,1
4,1633,Columbus,Clear,88,1
5,1633,Columbus,Mostly Clear,80,1
6,1633,Columbus,Partly Cloudy,79,1
7,1633,Columbus,Partly Cloudy,81,1
8,1633,Columbus,Clear,80,1
9,1633,Columbus,Partly Cloudy,79,1
10,1633,Columbus,clear sky,79,1
11,1633,Columbus,Mostly Clear,80,1
12,1633,Columbus,Mostly Clear,80,1
1,1641,Columbus,Fair,,1
2,1641,Columbus,Hazy,74,1
3,1641,Columbus,Haze,78,1
4,1641,Columbus,Haze,78,1
5,1641,Columbus,Intermittent Clouds,74,1
6,1641,Columbus,Hazy,74,1
7,1641,Columbus,Sunny,69,1
8,1641,Columbus,Sunny,84,1
9,1641,Columbus,Haze,74,1
10,1641,Columbus,clear sky,86,1
11,1641,Columbus,Clouds And Sun,74,1
1,1642,Columbus,Fair,,1
2,1642,Columbus,Hazy,74,1
3,1642,Columbus,Haze,69,1
4,1642,Columbus,Haze,73,1
5,1642,Columbus,Intermittent Clouds,74,1
6,1642,Columbus,Mostly Cloudy,64,1
7,1642,Columbus,Partly Cloudy,69,1
8,1642,Columbus,Sunny,77,1
9,1642,Columbus,Haze,74,1
10,1642,Columbus,clear sky,79,1
11,1642,Columbus,Clouds And Sun,74,1
1,1646,Columbus,Fair,,1
2,1646,Columbus,Mostly Cloudy,55,1
3,1646,Columbus,Clear,61,1
4,1646,Columbus,Clear,59,1
5,1646,Columbus,Intermittent Clouds,53,1
6,1646,Columbus,Mostly Cloudy,55,1
7,1646,Columbus,Sunny,53,1
8,1646,Columbus,Mostly Cloudy,61,1
9,1646,Columbus,Mostly Cloudy,55,1
10,1646,Columbus,clear sky,63,1
11,1646,Columbus,Clouds And Sun,53,1
1,1651,Columbus,Fair,,1
2,1651,Columbus,Mostly Cloudy,44,1
3,1651,Columbus,Clear,52,1
4,1651,Columbus,Clear,58,1
5,1651,Columbus,Cloudy,43,1
6,1651,Columbus,Mostly Cloudy,44,1
7,1651,Columbus,Partly Cloudy,46,1
8,1651,Columbus,Sunny,51,1
9,1651,Columbus,Mostly Cloudy,44,1
10,1651,Columbus,clear sky,51,1
11,1651,Columbus,Cloudy,43,1
12,1651,Columbus,Cloudy,43,1
1,1686,Columbus,Fair,,1
2,1686,Columbus,Overcast,53,1
3,1686,Columbus,Clear,65,1
4,1686,Columbus,Clear,68,1
5,1686,Columbus,Cloudy,51,1
6,1686,Columbus,Overcast,53,1
7,1686,Columbus,Partly Cloudy,58,1
8,1686,Columbus,Cloudy,61,1
9,1686,Columbus,Cloudy,53,1
10,1686,Columbus,clear sky,61,1
11,1686,Columbus,Cloudy,51,1
12,1686,Columbus,Cloudy,51,1
1,1696,Columbus,Fair,,1
2,1696,Columbus,Overcast,57,1
3,1696,Columbus,Clear,64,1
4,1696,Columbus,Clear,68,1
5,1696,Columbus,Cloudy,58,1
6,1696,Columbus,Overcast,57,1
7,1696,Columbus,Mostly Cloudy,57,1
8,1696,Columbus,Clear,64,1
9,1696,Columbus,Cloudy,57,1
10,1696,Columbus,clear sky,61,1
11,1696,Columbus,Cloudy,58,1
12,1696,Columbus,Cloudy,58,1
1,1703,Columbus,Cloudy,,1
2,1703,Columbus,Overcast,57,1
3,1703,Columbus,Partly Cloudy,68,1
4,1703,Columbus,Partly Cloudy,68,1
6,1703,Columbus,Overcast,57,1
7,1703,Columbus,Mostly Cloudy,59,1
8,1703,Columbus,Partly Sunny,67,1
9,1703,Columbus,Cloudy,57,1
10,1703,Columbus,clear sky,67,1
11,1703,Columbus,Cloudy,58,1
12,1703,Columbus,Cloudy,58,1
1,1717,Columbus,Fair,,1
2,1717,Columbus,Mostly Cloudy,53,1
3,1717,Columbus,Clear,68,1
4,1717,Columbus,Clear,73,1
5,1717,Columbus,Intermittent Clouds,52,1
6,1717,Columbus,Partly Cloudy,53,1
7,1717,Columbus,Mostly Clear,61,1
8,1717,Columbus,Clear,62,1
9,1717,Columbus,Partly Cloudy,53,1
10,1717,Columbus,clear sky,62,1
11,1717,Columbus,Mostly Clear,54,1
1,1723,Columbus,Fair,,1
2,1723,Columbus,Partly Cloudy,73,1
3,1723,Columbus,Clear,84,1
4,1723,Columbus,Clear,85,1
5,1723,Columbus,Partly Cloudy,73,1
6,1723,Columbus,Partly Cloudy,73,1
7,1723,Columbus,Clear,81,1
8,1723,Columbus,Clear,80,1
9,1723,Columbus,Mostly Sunny,73,1
10,1723,Columbus,clear sky,78,1
11,1723,Columbus,Partly Cloudy,73,1
12,1723,Columbus,Partly Cloudy,73,1
1,1740,Columbus,Fair,,1
2,1740,Columbus,Partly Cloudy,58,1
3,1740,Columbus,Clear,63,1
4,1740,Columbus,Clear,65,1
5,1740,Columbus,Partly Sunny,57,1
6,1740,Columbus,Partly Cloudy,50,1
7,1740,Columbus,Mostly Sunny,62,1
8,1740,Columbus,Partly Sunny,70,1
9,1740,Columbus,Mostly Sunny,58,1
10,1740,Columbus,clear sky,68,1
11,1740,Columbus,Partly Sunny,57,1
12,1740,Columbus,Partly Sunny,57,1
1,1745,Columbus,Fair,,1
2,1745,Columbus,Clear,43,1
3,1745,Columbus,Clear,51,1
4,1745,Columbus,Clear,57,1
5,1745,Columbus,Sunny,41,1
6,1745,Columbus,Clear,43,1
7,1745,Columbus,Sunny,46,1
8,1745,Columbus,Sunny,50,1
9,1745,Columbus,Clear,43,1
10,1745,Columbus,clear sky,50,1
11,1745,Columbus,Sunny,41,1
12,1745,Columbus,Sunny,41,1
1,1752,Columbus,Cloudy,,1
2,1752,Columbus,Overcast,75,1
3,1752,Columbus,Haze,79,1
4,1752,Columbus,Haze,84,1
5,1752,Columbus,Cloudy,72,1
6,1752,Columbus,Overcast,75,1
7,1752,Columbus,Cloudy,74,1
8,1752,Columbus,Cloudy,78,1
9,1752,Columbus,Winter storm watchCloudy,74,1
10,1752,Columbus,mostly cloudy,80,1
11,1752,Columbus,Cloudy,72,1
12,1752,Columbus,Cloudy,72,1
1,1753,Columbus,Cloudy,,1
2,1753,Columbus,Overcast,75,1
3,1753,Columbus,Haze,82,1
4,1753,Columbus,Haze,85,1
5,1753,Columbus,Cloudy,72,1
6,1753,Columbus,Overcast,75,1
7,1753,Columbus,Cloudy,77,1
8,1753,Columbus,Cloudy,81,1
9,1753,Columbus,Winter storm watchCloudy,74,1
10,1753,Columbus,mostly cloudy,80,1
11,1753,Columbus,Cloudy,72,1
12,1753,Columbus,Cloudy,72,1
1,1754,Columbus,Cloudy,,1
2,1754,Columbus,Hazy,80,1
3,1754,Columbus,Scattered Clouds,85,1
4,1754,Columbus,Scattered Clouds,88,1
5,1754,Columbus,Cloudy,75,1
6,1754,Columbus,Hazy,80,1
7,1754,Columbus,Partly Cloudy,82,1
8,1754,Columbus,Cloudy,81,1
9,1754,Columbus,Winter storm watchHaze,80,1
10,1754,Columbus,mostly cloudy,80,1
11,1754,Columbus,Cloudy,75,1
12,1754,Columbus,Cloudy,75,1
2,1800,Columbus,Overcast,69,1
3,1800,Columbus,Clear,75,1
4,1800,Columbus,Clear,82,1
5,1800,Columbus,Cloudy,66,1
6,1800,Columbus,Overcast,69,1
7,1800,Columbus,Partly Cloudy,73,1
8,1800,Columbus,Clear,74,1
9,1800,Columbus,Cloudy,68,1
10,1800,Columbus,clear sky,74,1
11,1800,Columbus,Cloudy,66,1
12,1800,Columbus,Cloudy,66,1
1,1871,Columbus,Cloudy,,1
2,1871,Columbus,Light Snow,75,1
3,1871,Columbus,Haze,81,1
4,1871,Columbus,Haze,86,1
5,1871,Columbus,Flurries,75,1
6,1871,Columbus,Snow,75,1
7,1871,Columbus,Cloudy,81,1
8,1871,Columbus,Cloudy,81,1
9,1871,Columbus,Snow,75,1
10,1871,Columbus,mostly cloudy,80,1
11,1871,Columbus,Light Snow,75,1
12,1871,Columbus,Light Snow,75,1
1,1874,Columbus,Cloudy,,1
2,1874,Columbus,Light Snow,81,1
3,1874,Columbus,Overcast,88,1
4,1874,Columbus,Overcast,86,1
5,1874,Columbus,Flurries,81,1
6,1874,Columbus,Snow,81,1
7,1874,Columbus,Cloudy,86,1
8,1874,Columbus,Flurries,88,1
9,1874,Columbus,Snow,80,1
10,1874,Columbus,mostly cloudy,86,1
11,1874,Columbus,Light Snow,81,1
12,1874,Columbus,Light Snow,81,1
1,1926,Dallas,Light Rain,,1
2,1926,Dallas,Light Rain,93,1
3,1926,Dallas,Light Rain,93,1
4,1926,Dallas,Light Rain Mist,90,1
5,1926,Dallas,Showers,88,1
6,1926,Dallas,Light Rain,100,1
7,1926,Dallas,Showers,94,1
14,1926,Dallas,Rain,96,1
8,1926,Dallas,Rain,92,1
9,1926,Dallas,Flood warningRain,93,1
10,1926,Dallas,light rain,93,1
11,1926,Dallas,Light Rain,88,1
12,1926,Dallas,Rain,92,1
13,1926,Dallas,Light Rain Fog/Mist,93,1
1,1940,Dallas,Mostly Cloudy,,1
2,1940,Dallas,Mostly Cloudy,75,1
3,1940,Dallas,Overcast,70,1
4,1940,Dallas,Overcast,75,1
5,1940,Dallas,Cloudy,69,1
6,1940,Dallas,Clear,53,1
7,1940,Dallas,Mostly Cloudy,78,1
14,1940,Dallas,Cloudy,70,1
8,1940,Dallas,Cloudy,69,1
9,1940,Dallas,Cloudy,70,1
15,1940,Dallas,Cloudy,70,1
10,1940,Dallas,mostly cloudy,75,1
11,1940,Dallas,Cloudy,69,1
12,1940,Dallas,Cloudy,69,1
1,1959,Dallas,Mostly Cloudy,,1
2,1959,Dallas,Fog And Mist,87,1
3,1959,Dallas,Mostly Cloudy,87,1
4,1959,Dallas,Mostly Cloudy,88,1
5,1959,Dallas,Cloudy,92,1
6,1959,Dallas,Mostly Cloudy,90,1
7,1959,Dallas,Cloudy,91,1
14,1959,Dallas,Mostly Cloudy,92,1
8,1959,Dallas,Cloudy,92,1
9,1959,Dallas,Weather WarningsFog,86,1
15,1959,Dallas,Mist,86,1
10,1959,Dallas,mostly cloudy,86,1
11,1959,Dallas,Cloudy,92,1
12,1959,Dallas,Cloudy,86,1
1,1961,Dallas,Cloudy,,1
2,1961,Dallas,Hazy,81,1
3,1961,Dallas,Haze,82,1
4,1961,Dallas,Haze,83,1
5,1961,Dallas,Fog,88,1
6,1961,Dallas,Mostly Cloudy,78,1
7,1961,Dallas,Cloudy,83,1
14,1961,Dallas,Cloudy,85,1
8,1961,Dallas,Fog,86,1
9,1961,Dallas,Haze,80,1
15,1961,Dallas,Haze,82,1
10,1961,Dallas,mostly cloudy,80,1
11,1961,Dallas,Light Fog,88,1
12,1961,Dallas,Cloudy,81,1
1,1963,Dallas,Cloudy,,1
2,1963,Dallas,Overcast,81,1
3,1963,Dallas,Haze,76,1
4,1963,Dallas,Haze,75,1
5,1963,Dallas,Fog,85,1
6,1963,Dallas,Overcast,62,1
7,1963,Dallas,Cloudy,78,1
14,1963,Dallas,Cloudy,82,1
8,1963,Dallas,Fog,85,1
9,1963,Dallas,Haze,75,1
15,1963,Dallas,Haze,75,1
10,1963,Dallas,clear sky,75,1
11,1963,Dallas,Light Fog,85,1
12,1963,Dallas,Cloudy,79,1
1,1968,Dallas,Cloudy,,1
2,1968,Dallas,Overcast,66,1
3,1968,Dallas,Overcast,68,1
4,1968,Dallas,Overcast,68,1
5,1968,Dallas,Cloudy,68,1
6,1968,Dallas,Overcast,50,1
7,1968,Dallas,Cloudy,69,1
14,1968,Dallas,Cloudy,68,1
8,1968,Dallas,Cloudy,70,1
9,1968,Dallas,Cloudy,66,1
15,1968,Dallas,Cloudy,68,1
10,1968,Dallas,mostly cloudy,66,1
11,1968,Dallas,Cloudy,68,1
12,1968,Dallas,Cloudy,67,1
13,1985,Dallas,Fog/Mist,88,1
13,1995,Dallas,Overcast with Haze,79,1
13,1999,Dallas,Overcast,68,1
1,2010,Dallas,Cloudy,,1
2,2010,Dallas,Overcast,75,1
3,2010,Dallas,Overcast,76,1
4,2010,Dallas,Overcast,76,1
5,2010,Dallas,Cloudy,80,1
6,2010,Dallas,Overcast,78,1
7,2010,Dallas,Cloudy,73,1
14,2010,Dallas,Cloudy,75,1
8,2010,Dallas,Cloudy,75,1
9,2010,Dallas,Weather WarningsCloudy,80,1
15,2010,Dallas,Cloudy,75,1
10,2010,Dallas,mostly cloudy,74,1
11,2010,Dallas,Light Snow,78,1
12,2010,Dallas,Cloudy,75,1
13,2010,Dallas,Overcast,76,1
1,2014,Dallas,Cloudy,,1
2,2014,Dallas,Overcast,80,1
3,2014,Dallas,Overcast,75,1
4,2014,Dallas,Overcast,77,1
5,2014,Dallas,Cloudy,74,1
6,2014,Dallas,Overcast,77,1
7,2014,Dallas,Cloudy,75,1
14,2014,Dallas,Cloudy,74,1
8,2014,Dallas,Cloudy,74,1
9,2014,Dallas,Flood warningCloudy,80,1
15,2014,Dallas,Cloudy,75,1
10,2014,Dallas,mostly cloudy,80,1
11,2014,Dallas,Cloudy,74,1
12,2014,Dallas,Cloudy,78,1
13,2014,Dallas,Overcast,75,1
1,2024,Dallas,Cloudy,,1
2,2024,Dallas,Overcast,74,1
3,2024,Dallas,Overcast,75,1
4,2024,Dallas,Overcast,77,1
5,2024,Dallas,Cloudy,74,1
6,2024,Dallas,Overcast,71,1
7,2024,Dallas,Cloudy,73,1
14,2024,Dallas,Cloudy,70,1
8,2024,Dallas,Cloudy,74,1
9,2024,Dallas,Flood warningCloudy,74,1
15,2024,Dallas,Cloudy,75,1
10,2024,Dallas,mostly cloudy,80,1
11,2024,Dallas,Cloudy,74,1
12,2024,Dallas,Cloudy,74,1
13,2024,Dallas,Overcast,75,1
1,2026,Dallas,Cloudy,,1
2,2026,Dallas,Overcast,74,1
3,2026,Dallas,Overcast,75,1
4,2026,Dallas,Overcast,75,1
5,2026,Dallas,Cloudy,71,1
6,2026,Dallas,Overcast,69,1
7,2026,Dallas,Cloudy,69,1
14,2026,Dallas,Cloudy,70,1
8,2026,Dallas,Cloudy,71,1
9,2026,Dallas,Flood warningCloudy,74,1
15,2026,Dallas,Cloudy,75,1
10,2026,Dallas,mostly cloudy,74,1
11,2026,Dallas,Cloudy,71,1
12,2026,Dallas,Cloudy,74,1
13,2026,Dallas,Overcast,75,1
1,2047,Dallas,Cloudy,,1
2,2047,Dallas,Overcast,86,1
3,2047,Dallas,Overcast,82,1
4,2047,Dallas,Overcast,81,1
5,2047,Dallas,Cloudy,81,1
6,2047,Dallas,Overcast,78,1
7,2047,Dallas,Cloudy,79,1
14,2047,Dallas,Cloudy,74,1
8,2047,Dallas,Cloudy,81,1
9,2047,Dallas,Flood warningCloudy,86,1
15,2047,Dallas,Cloudy,82,1
10,2047,Dallas,mostly cloudy,80,1
11,2047,Dallas,Cloudy,81,1
12,2047,Dallas,Cloudy,82,1
13,2047,Dallas,Overcast,82,1
1,2051,Dallas,Cloudy,,1
2,2051,Dallas,Overcast,86,1
3,2051,Dallas,Overcast,82,1
4,2051,Dallas,Overcast,83,1
5,2051,Dallas,Cloudy,78,1
6,2051,Dallas,Overcast,79,1
7,2051,Dallas,Cloudy,80,1
14,2051,Dallas,Cloudy,78,1
8,2051,Dallas,Cloudy,78,1
9,2051,Dallas,Flood warningCloudy,86,1
15,2051,Dallas,Cloudy,82,1
10,2051,Dallas,mostly cloudy,86,1
11,2051,Dallas,Cloudy,78,1
12,2051,Dallas,Cloudy,82,1
13,2051,Dallas,Overcast,82,1
1,2053,Dallas,Cloudy,,1
2,2053,Dallas,Overcast,86,1
3,2053,Dallas,Overcast,85,1
4,2053,Dallas,Overcast,83,1
5,2053,Dallas,Cloudy,82,1
6,2053,Dallas,Overcast,77,1
7,2053,Dallas,Cloudy,83,1
14,2053,Dallas,Cloudy,78,1
8,2053,Dallas,Cloudy,82,1
9,2053,Dallas,Short term forecastCloudy,86,1
15,2053,Dallas,Cloudy,85,1
10,2053,Dallas,mostly cloudy,86,1
11,2053,Dallas,Cloudy,82,1
12,2053,Dallas,Cloudy,85,1
13,2053,Dallas,Overcast,85,1
1,2073,Dallas,Cloudy,,1
2,2073,Dallas,Overcast,76,1
3,2073,Dallas,Overcast,79,1
4,2073,Dallas,Overcast,80,1
5,2073,Dallas,Cloudy,76,1
6,2073,Dallas,Overcast,78,1
7,2073,Dallas,Cloudy,76,1
14,2073,Dallas,Rain,74,1
8,2073,Dallas,Cloudy,76,1
9,2073,Dallas,Short term forecastCloudy,76,1
15,2073,Dallas,Cloudy,79,1
10,2073,Dallas,mostly cloudy,76,1
11,2073,Dallas,Cloudy,76,1
12,2073,Dallas,Cloudy,78,1
1,2079,Dallas,Light Rain,,1
2,2079,Dallas,Fog And Mist,87,1
3,2079,Dallas,Light Rain,87,1
4,2079,Dallas,Light Rain Mist,90,1
5,2079,Dallas,Rain,87,1
6,2079,Dallas,Light Rain,96,1
7,2079,Dallas,Showers,88,1
8,2079,Dallas,Rain,87,1
9,2079,Dallas,Short term forecastRain,87,1
10,2079,Dallas,mostly cloudy,87,1
11,2079,Dallas,Rain,87,1
12,2079,Dallas,Rain,87,1
13,2091,Dallas,Fog/Mist,83,1
13,2108,Dallas,Light Rain Fog/Mist,92,1
1,2110,Dallas,Light Rain,,1
2,2110,Dallas,Light Rain,88,1
3,2110,Dallas,Light Rain,87,1
4,2110,Dallas,Light Rain,83,1
5,2110,Dallas,Showers,87,1
6,2110,Dallas,Overcast,88,1
7,2110,Dallas,Cloudy,87,1
14,2110,Dallas,Cloudy,82,1
8,2110,Dallas,Showers,87,1
9,2110,Dallas,Short term forecastRain,88,1
15,2110,Dallas,Light Rain,86,1
10,2110,Dallas,light rain,88,1
11,2110,Dallas,Light Rain,87,1
12,2110,Dallas,Light Rain,86,1
13,2110,Dallas,Light Rain,87,1
1,2110,Dallas,Light Rain,,1
2,2110,Dallas,Light Rain,88,1
3,2110,Dallas,Light Rain,87,1
4,2110,Dallas,Light Rain,83,1
5,2110,Dallas,Rain,87,1
6,2110,Dallas,Overcast,88,1
7,2110,Dallas,Cloudy,87,1
14,2110,Dallas,Cloudy,82,1
8,2111,Dallas,Showers,87,1
9,2111,Dallas,Short term forecastRain,88,1
15,2111,Dallas,Light Rain,86,1
10,2111,Dallas,light rain,88,1
11,2111,Dallas,Rain,87,1
12,2111,Dallas,Light Rain,86,1
13,2111,Dallas,Light Rain,87,1
1,2112,Dallas,Cloudy,,1
2,2112,Dallas,Overcast,88,1
3,2112,Dallas,Overcast,88,1
4,2112,Dallas,Overcast,83,1
5,2112,Dallas,Showers,93,1
6,2112,Dallas,Overcast,88,1
7,2112,Dallas,Cloudy,87,1
14,2112,Dallas,Cloudy,82,1
8,2112,Dallas,Showers,93,1
9,2112,Dallas,Short term forecastCloudy,88,1
15,2112,Dallas,Cloudy,88,1
10,2112,Dallas,mostly cloudy,88,1
11,2112,Dallas,Light Rain,93,1
12,2112,Dallas,Cloudy,87,1
13,2112,Dallas,Overcast,87,1
1,2112,Dallas,Cloudy,,1
2,2112,Dallas,Overcast,88,1
3,2112,Dallas,Overcast,87,1
4,2112,Dallas,Overcast,82,1
1,2115,Dallas,Cloudy,,1
2,2115,Dallas,Overcast,71,1
3,2115,Dallas,Overcast,71,1
4,2115,Dallas,Overcast,78,1
5,2115,Dallas,Cloudy,73,1
6,2115,Dallas,Overcast,61,1
7,2115,Dallas,Cloudy,74,1
14,2115,Dallas,Cloudy,68,1
8,2115,Dallas,Cloudy,70,1
9,2115,Dallas,Cloudy,71,1
15,2115,Dallas,Cloudy,70,1
10,2115,Dallas,mostly cloudy,71,1
11,2115,Dallas,Cloudy,73,1
12,2115,Dallas,Cloudy,68,1
1,2120,Dallas,Cloudy,,1
2,2120,Dallas,Overcast,81,1
3,2120,Dallas,Overcast,80,1
4,2120,Dallas,Overcast,86,1
5,2120,Dallas,Cloudy,78,1
6,2120,Dallas,Overcast,100,1
7,2120,Dallas,Cloudy,87,1
14,2120,Dallas,Cloudy,80,1
8,2120,Dallas,Cloudy,78,1
9,2120,Dallas,Cloudy,81,1
15,2120,Dallas,Cloudy,79,1
10,2120,Dallas,mostly cloudy,81,1
11,2120,Dallas,Cloudy,78,1
12,2120,Dallas,Cloudy,79,1
1,2121,Dallas,Cloudy,,1
2,2121,Dallas,Hazy,81,1
3,2121,Dallas,Haze,82,1
4,2121,Dallas,Haze,87,1
5,2121,Dallas,Cloudy,81,1
6,2121,Dallas,Overcast,100,1
7,2121,Dallas,Cloudy,87,1
14,2121,Dallas,Cloudy,80,1
8,2121,Dallas,Cloudy,81,1
9,2121,Dallas,Haze,81,1
15,2121,Dallas,Haze,82,1
10,2121,Dallas,mostly cloudy,81,1
11,2121,Dallas,Cloudy,81,1
12,2121,Dallas,Cloudy,82,1
13,2152,Dallas,Overcast with Haze,83,1
13,2161,Dallas,Overcast with Haze,82,1
13,2175,Dallas,Partly Cloudy,57,1
13,2176,Dallas,Mostly Cloudy,54,1
1,2180,Dallas,Mostly Cloudy,,1
2,2180,Dallas,Mostly Cloudy,62,1
3,2180,Dallas,Mostly Cloudy,61,1
4,2180,Dallas,Mostly Cloudy,65,1
5,2180,Dallas,Cloudy,65,1
6,2180,Dallas,Clear,60,1
7,2180,Dallas,Partly Cloudy,65,1
14,2180,Dallas,Mostly Cloudy,59,1
8,2180,Dallas,Cloudy,65,1
9,2180,Dallas,Mostly Cloudy,61,1
15,2180,Dallas,Mostly Cloudy,60,1
10,2180,Dallas,mostly cloudy,62,1
11,2180,Dallas,Cloudy,67,1
12,2180,Dallas,Cloudy,58,1
13,2211,Dallas,Mostly Cloudy,61,1
13,2220,Dallas,Overcast,86,1
13,2223,Dallas,Mostly Cloudy,86,1
13,2226,Dallas,Overcast,82,1
1,2247,Denver,Partly Cloudy,,1
2,2247,Denver,Partly Cloudy,100,1
3,2247,Denver,Scattered Clouds,88,1
4,2247,Denver,Scattered Clouds,88,1
5,2247,Denver,Partly Cloudy,92,1
6,2247,Denver,Fog,84,1
7,2247,Denver,Partly Cloudy,92,1
8,2247,Denver,Fog,91,1
9,2247,Denver,Short term forecastMostly Sunny,100,1
15,2247,Denver,Fog,93,1
10,2247,Denver,clear sky,86,1
11,2247,Denver,Partly Cloudy,92,1
12,2247,Denver,Dense Fog,91,1
13,2247,Denver,Freezing Fog,92,1
1,2268,Denver,Partly Cloudy,,1
2,2268,Denver,Mostly Cloudy,80,1
3,2268,Denver,Scattered Clouds,71,1
4,2268,Denver,Scattered Clouds,77,1
5,2268,Denver,Partly Cloudy,63,1
6,2268,Denver,Partly Cloudy,66,1
7,2268,Denver,Partly Cloudy,70,1
8,2268,Denver,Partly Cloudy,84,1
9,2268,Denver,Mostly Cloudy,80,1
15,2268,Denver,Few Clouds,64,1
10,2268,Denver,clear sky,68,1
11,2268,Denver,Partly Cloudy,63,1
12,2268,Denver,Partly Cloudy,84,1
1,2272,Denver,Fair,,1
2,2272,Denver,Partly Cloudy,80,1
3,2272,Denver,Clear,72,1
4,2272,Denver,Clear,82,1
5,2272,Denver,Intermittent Clouds,71,1
6,2272,Denver,Partly Cloudy,70,1
7,2272,Denver,Mostly Clear,84,1
8,2272,Denver,Partly Cloudy,92,1
9,2272,Denver,Mostly Sunny,80,1
15,2272,Denver,Clear,71,1
10,2272,Denver,clear sky,73,1
11,2272,Denver,Some Clouds,71,1
12,2272,Denver,Partly Cloudy,92,1
1,2273,Denver,Fair,,1
2,2273,Denver,Partly Cloudy,74,1
3,2273,Denver,Clear,68,1
4,2273,Denver,Clear,60,1
5,2273,Denver,Partly Cloudy,71,1
6,2273,Denver,Mist,61,1
7,2273,Denver,Partly Cloudy,73,1
8,2273,Denver,Partly Cloudy,92,1
9,2273,Denver,Mostly Sunny,74,1
15,2273,Denver,Few Clouds,74,1
10,2273,Denver,clear sky,73,1
11,2273,Denver,Partly Cloudy,71,1
12,2273,Denver,Partly Cloudy,91,1
1,2281,Denver,Partly Cloudy,,1
2,2281,Denver,Partly Cloudy,50,1
3,2281,Denver,Partly Cloudy,43,1
4,2281,Denver,Partly Cloudy,46,1
5,2281,Denver,Partly Sunny,29,1
6,2281,Denver,Partly Cloudy,46,1
7,2281,Denver,Mostly Sunny,35,1
8,2281,Denver,Partly Cloudy,65,1
9,2281,Denver,Short term forecastMostly Sunny,50,1
15,2281,Denver,Few Clouds,30,1
10,2281,Denver,clear sky,49,1
11,2281,Denver,Partly Sunny,29,1
12,2281,Denver,Partly Sunny,57,1
13,2305,Denver,Fog/Mist,92,1
13,2309,Denver,A Few Clouds,69,1
13,2318,Denver,A Few Clouds,25,1
13,2320,Denver,A Few Clouds,23,1
13,2323,Denver,Partly Cloudy,23,1
1,2328,Denver,Partly Cloudy,,1
2,2328,Denver,Partly Cloudy,30,1
3,2328,Denver,Clear,30,1
4,2328,Denver,Clear,43,1
5,2328,Denver,Mostly Clear,32,1
6,2328,Denver,Partly Cloudy,32,1
7,2328,Denver,Mostly Clear,32,1
8,2328,Denver,Mostly Clear,32,1
9,2328,Denver,Mostly Sunny,30,1
15,2328,Denver,Few Clouds,32,1
10,2328,Denver,clear sky,29,1
11,2328,Denver,Mostly Clear,32,1
12,2328,Denver,Mostly Clear,32,1
13,2328,Denver,A Few Clouds,33,1
1,2332,Denver,Clear,,1
2,2332,Denver,Partly Cloudy,63,1
3,2332,Denver,Clear,62,1
4,2332,Denver,Clear,61,1
5,2332,Denver,Clear,37,1
6,2332,Denver,Partly Cloudy,49,1
7,2332,Denver,Clear,42,1
8,2332,Denver,Mostly Clear,47,1
9,2332,Denver,Mostly Sunny,63,1
15,2332,Denver,Clear,37,1
10,2332,Denver,clear sky,43,1
11,2332,Denver,Clear,37,1
12,2332,Denver,Mostly Clear,47,1
13,2332,Denver,A Few Clouds,47,1
1,2350,Denver,Partly Cloudy,,1
2,2350,Denver,Mostly Cloudy,25,1
3,2350,Denver,Clear,23,1
4,2350,Denver,Clear,27,1
5,2350,Denver,Mostly Sunny,32,1
6,2350,Denver,Partly Cloudy,31,1
7,2350,Denver,Partly Cloudy,27,1
8,2350,Denver,Partly Sunny,29,1
9,2350,Denver,Mostly Cloudy,25,1
15,2350,Denver,Mostly Clear,32,1
10,2350,Denver,clear sky,23,1
11,2350,Denver,Mostly Sunny,32,1
12,2350,Denver,Partly Sunny,29,1
13,2350,Denver,Partly Cloudy,30,1
1,2355,Denver,Partly Cloudy,,1
2,2355,Denver,Mostly Cloudy,24,1
3,2355,Denver,Clear,21,1
4,2355,Denver,Clear,31,1
5,2355,Denver,Mostly Sunny,23,1
6,2355,Denver,Mostly Cloudy,32,1
7,2355,Denver,Partly Cloudy,23,1
8,2355,Denver,Intermittent Clouds,27,1
9,2355,Denver,Mostly Cloudy,23,1
15,2355,Denver,Mostly Clear,23,1
10,2355,Denver,clear sky,17,1
11,2355,Denver,Mostly Sunny,23,1
13,2355,Denver,Mostly Cloudy,28,1
1,2358,Denver,Partly Cloudy,,1
2,2358,Denver,Mostly Cloudy,52,1
3,2358,Denver,Clear,48,1
4,2358,Denver,Clear,56,1
5,2358,Denver,Mostly Clear,48,1
6,2358,Denver,Partly Cloudy,47,1
7,2358,Denver,Partly Cloudy,49,1
8,2358,Denver,Partly Cloudy,50,1
9,2358,Denver,Mostly Cloudy,51,1
15,2358,Denver,Mostly Clear,52,1
10,2358,Denver,clear sky,48,1
11,2358,Denver,Mostly Clear,48,1
12,2358,Denver,Partly Cloudy,50,1
13,2358,Denver,Partly Cloudy,50,1
1,2365,Denver,Partly Cloudy,,1
2,2365,Denver,Mostly Cloudy,60,1
3,2365,Denver,Clear,52,1
4,2365,Denver,Clear,60,1
5,2365,Denver,Intermittent Clouds,52,1
6,2365,Denver,Partly Cloudy,50,1
7,2365,Denver,Mostly Cloudy,50,1
8,2365,Denver,Mostly Clear,72,1
9,2365,Denver,Mostly Cloudy,59,1
15,2365,Denver,Mostly Cloudy,64,1
10,2365,Denver,clear sky,59,1
11,2365,Denver,Some Clouds,52,1
12,2365,Denver,Mostly Clear,72,1
13,2365,Denver,Partly Cloudy,69,1
1,2396,Denver,Cloudy,,1
2,2396,Denver,Overcast,48,1
3,2396,Denver,Overcast,48,1
4,2396,Denver,Overcast,51,1
5,2396,Denver,Cloudy,44,1
6,2396,Denver,Overcast,44,1
7,2396,Denver,Cloudy,51,1
8,2396,Denver,Cloudy,48,1
9,2396,Denver,Short term forecastCloudy,48,1
15,2396,Denver,Cloudy,52,1
10,2396,Denver,mostly cloudy,47,1
11,2396,Denver,Cloudy,44,1
12,2396,Denver,Cloudy,56,1
1,2402,Denver,Cloudy,,1
2,2402,Denver,Overcast,93,1
3,2402,Denver,Overcast,85,1
4,2402,Denver,Overcast,63,1
5,2402,Denver,Cloudy,64,1
6,2402,Denver,Overcast,68,1
7,2402,Denver,Cloudy,70,1
8,2402,Denver,Cloudy,85,1
9,2402,Denver,Short term forecastCloudy,93,1
15,2402,Denver,Cloudy,64,1
10,2402,Denver,mostly cloudy,86,1
11,2402,Denver,Cloudy,64,1
12,2402,Denver,Cloudy,85,1
13,2417,Denver,Overcast,57,1
13,2423,Denver,Overcast,85,1
1,2442,Denver,Fair,,1
2,2442,Denver,Clear,54,1
3,2442,Denver,Clear,51,1
4,2442,Denver,Clear,47,1
5,2442,Denver,Clear,40,1
6,2442,Denver,Partly Cloudy,38,1
7,2442,Denver,Clear,40,1
8,2442,Denver,Partly Cloudy,47,1
9,2442,Denver,Clear,54,1
15,2442,Denver,Clear,40,1
10,2442,Denver,clear sky,46,1
11,2442,Denver,Clear,40,1
12,2442,Denver,Clear,43,1
1,2445,Denver,Fair,,1
2,2445,Denver,Partly Cloudy,63,1
3,2445,Denver,Clear,51,1
4,2445,Denver,Clear,57,1
5,2445,Denver,Clear,37,1
6,2445,Denver,Clear,49,1
7,2445,Denver,Clear,39,1
8,2445,Denver,Clear,63,1
9,2445,Denver,Mostly Sunny,63,1
15,2445,Denver,Clear,40,1
10,2445,Denver,clear sky,50,1
11,2445,Denver,Clear,37,1
12,2445,Denver,Clear,63,1
1,2447,Denver,Fair,,1
2,2447,Denver,Partly Cloudy,59,1
3,2447,Denver,Clear,55,1
4,2447,Denver,Clear,63,1
5,2447,Denver,Clear,43,1
6,2447,Denver,Clear,52,1
7,2447,Denver,Clear,39,1
8,2447,Denver,Clear,71,1
9,2447,Denver,Mostly Sunny,58,1
15,2447,Denver,Clear,46,1
10,2447,Denver,clear sky,54,1
11,2447,Denver,Clear,43,1
12,2447,Denver,Clear,71,1
1,2451,Denver,Fair,,1
2,2451,Denver,Partly Cloudy,54,1
3,2451,Denver,Clear,60,1
4,2451,Denver,Clear,70,1
5,2451,Denver,Clear,37,1
6,2451,Denver,Partly Cloudy,52,1
7,2451,Denver,Mostly Clear,37,1
8,2451,Denver,Mostly Clear,73,1
9,2451,Denver,Mostly Sunny,54,1
15,2451,Denver,Clear,37,1
10,2451,Denver,clear sky,62,1
11,2451,Denver,Mostly Clear,36,1
12,2451,Denver,Mostly Clear,73,1
1,2457,Denver,Fair,,1
2,2457,Denver,Partly Cloudy,40,1
3,2457,Denver,Clear,38,1
4,2457,Denver,Clear,39,1
5,2457,Denver,Sunny,43,1
6,2457,Denver,Partly Cloudy,34,1
7,2457,Denver,Sunny,33,1
8,2457,Denver,Mostly Sunny,60,1
9,2457,Denver,Mostly Sunny,40,1
15,2457,Denver,Clear,40,1
10,2457,Denver,clear sky,50,1
11,2457,Denver,Sunny,43,1
12,2457,Denver,Mostly Sunny,43,1
13,2479,Denver,Fair,71,1
1,2500,Denver,Mostly Cloudy,,1
2,2500,Denver,Mostly Cloudy,41,1
3,2500,Denver,Clear,39,1
4,2500,Denver,Clear,41,1
5,2500,Denver,Intermittent Clouds,28,1
6,2500,Denver,Mostly Cloudy,34,1
7,2500,Denver,Mostly Cloudy,37,1
8,2500,Denver,Intermittent Clouds,40,1
9,2500,Denver,Mostly Cloudy,41,1
15,2500,Denver,Mostly Cloudy,32,1
10,2500,Denver,clear sky,38,1
11,2500,Denver,Clouds And Sun,28,1
13,2535,Denver,Mostly Cloudy,52,1
13,2543,Denver,Partly Cloudy,47,1
13,2548,Denver,Partly Cloudy,36,1
13,2549,Denver,Partly Cloudy,36,1
13,2552,Denver,Partly Cloudy,29,1
13,2558,Denver,Mostly Cloudy,27,1
1,2580,Detroit,Fair,,1
2,2580,Detroit,Clear,54,1
3,2580,Detroit,Clear,56,1
4,2580,Detroit,Clear,62,1
5,2580,Detroit,Mostly Cloudy,55,1
6,2580,Detroit,Clear,54,1
7,2580,Detroit,Clear,51,1
14,2580,Detroit,Partly Cloudy,48,1
8,2580,Detroit,Clear,55,1
9,2580,Detroit,Clear,54,1
15,2580,Detroit,Mostly Cloudy,53,1
10,2580,Detroit,clear sky,54,1
11,2580,Detroit,Mostly Cloudy,55,1
12,2580,Detroit,Mostly Cloudy,55,1
1,2589,Detroit,Fair,,1
2,2589,Detroit,Clear,68,1
3,2589,Detroit,Clear,68,1
4,2589,Detroit,Clear,72,1
5,2589,Detroit,Partly Cloudy,70,1
6,2589,Detroit,Clear,68,1
7,2589,Detroit,Clear,61,1
14,2589,Detroit,Mostly Clear,56,1
8,2589,Detroit,Clear,67,1
9,2589,Detroit,Clear,67,1
15,2589,Detroit,Clear,68,1
10,2589,Detroit,clear sky,62,1
11,2589,Detroit,Partly Cloudy,70,1
12,2589,Detroit,Partly Cloudy,70,1
1,2605,Detroit,Cloudy,,1
2,2605,Detroit,Mostly Cloudy,54,1
3,2605,Detroit,Overcast,53,1
4,2605,Detroit,Overcast,67,1
5,2605,Detroit,Cloudy,53,1
6,2605,Detroit,Overcast,50,1
7,2605,Detroit,Cloudy,43,1
14,2605,Detroit,Mostly Cloudy,48,1
8,2605,Detroit,Mostly Cloudy,55,1
9,2605,Detroit,Cloudy,50,1
15,2605,Detroit,Cloudy,52,1
10,2605,Detroit,mostly cloudy,54,1
11,2605,Detroit,Cloudy,53,1
12,2605,Detroit,Cloudy,52,1
1,2611,Detroit,Cloudy,,1
2,2611,Detroit,Overcast,54,1
3,2611,Detroit,Overcast,56,1
4,2611,Detroit,Overcast,52,1
5,2611,Detroit,Cloudy,63,1
6,2611,Detroit,Overcast,54,1
7,2611,Detroit,Cloudy,58,1
14,2611,Detroit,Cloudy,46,1
8,2611,Detroit,Cloudy,55,1
9,2611,Detroit,Cloudy,54,1
15,2611,Detroit,Cloudy,55,1
10,2611,Detroit,mostly cloudy,54,1
11,2611,Detroit,Cloudy,63,1
12,2611,Detroit,Cloudy,63,1
13,2625,Detroit,Fair,70,1
13,2631,Detroit,Fair,80,1
1,2648,Detroit,Fair,,1
2,2648,Detroit,Clear,53,1
3,2648,Detroit,Clear,52,1
4,2648,Detroit,Clear,56,1
5,2648,Detroit,Mostly Clear,64,1
6,2648,Detroit,Clear,53,1
7,2648,Detroit,Clear,52,1
14,2648,Detroit,Mostly Clear,39,1
8,2648,Detroit,Clear,51,1
9,2648,Detroit,Clear,53,1
15,2648,Detroit,Clear,51,1
10,2648,Detroit,clear sky,52,1
11,2648,Detroit,Mostly Clear,64,1
12,2648,Detroit,Mostly Clear,64,1
13,2648,Detroit,Fair,51,1
1,2649,Detroit,Fair,,1
2,2649,Detroit,Clear,57,1
3,2649,Detroit,Clear,59,1
4,2649,Detroit,Clear,60,1
5,2649,Detroit,Mostly Clear,64,1
6,2649,Detroit,Clear,57,1
7,2649,Detroit,Clear,55,1
14,2649,Detroit,Mostly Clear,44,1
8,2649,Detroit,Clear,51,1
9,2649,Detroit,Clear,57,1
15,2649,Detroit,Clear,58,1
10,2649,Detroit,clear sky,52,1
11,2649,Detroit,Mostly Clear,64,1
12,2649,Detroit,Mostly Clear,64,1
13,2649,Detroit,Fair,58,1
1,2650,Detroit,Fair,,1
2,2650,Detroit,Clear,57,1
3,2650,Detroit,Clear,62,1
4,2650,Detroit,Clear,62,1
5,2650,Detroit,Mostly Clear,64,1
6,2650,Detroit,Clear,62,1
7,2650,Detroit,Clear,64,1
14,2650,Detroit,Mostly Clear,52,1
8,2650,Detroit,Clear,58,1
9,2650,Detroit,Clear,62,1
15,2650,Detroit,Clear,61,1
10,2650,Detroit,clear sky,56,1
11,2650,Detroit,Mostly Clear,67,1
12,2650,Detroit,Mostly Clear,64,1
13,2650,Detroit,Fair,61,1
1,2672,Detroit,Partly Cloudy,,1
2,2672,Detroit,Partly Cloudy,62,1
3,2672,Detroit,Scattered Clouds,62,1
4,2672,Detroit,Scattered Clouds,62,1
5,2672,Detroit,Partly Sunny,50,1
6,2672,Detroit,Partly Cloudy,62,1
7,2672,Detroit,Partly Cloudy,52,1
14,2672,Detroit,Mostly Cloudy,52,1
8,2672,Detroit,Mostly Cloudy,59,1
9,2672,Detroit,Partly Cloudy,62,1
15,2672,Detroit,Mostly Clear,62,1
10,2672,Detroit,mostly cloudy,62,1
11,2672,Detroit,Partly Sunny,50,1
12,2672,Detroit,Partly Sunny,50,1
13,2672,Detroit,Partly Cloudy,62,1
1,2685,Detroit,Fair,,1
2,2685,Detroit,Clear,79,1
3,2685,Detroit,Clear,77,1
4,2685,Detroit,Clear,81,1
5,2685,Detroit,Mostly Clear,80,1
6,2685,Detroit,Clear,79,1
7,2685,Detroit,Partly Cloudy,71,1
14,2685,Detroit,Mostly Clear,73,1
8,2685,Detroit,Clear,77,1
9,2685,Detroit,Clear,79,1
15,2685,Detroit,Clear,77,1
10,2685,Detroit,clear sky,79,1
11,2685,Detroit,Mostly Clear,80,1
12,2685,Detroit,Mostly Clear,80,1
13,2685,Detroit,Fair,77,1
13,2743,Detroit,Fair,85,1
13,2746,Detroit,Fair,85,1
13,2798,Detroit,Overcast,85,1
1,2825,Detroit,Cloudy,,1
2,2825,Detroit,Fog And Mist,93,1
3,2825,Detroit,Light Snow,92,1
4,2825,Detroit,Light Snow Mist,93,1
5,2825,Detroit,Flurries,92,1
6,2825,Detroit,Mist,93,1
7,2825,Detroit,Snow Showers,93,1
14,2825,Detroit,Snow Shower,90,1
8,2825,Detroit,Flurries,92,1
9,2825,Detroit,Fog,93,1
10,2825,Detroit,mostly cloudy,93,1
11,2825,Detroit,Lgt.Snow/Fog,92,1
13,2877,Detroit,Overcast,66,1
1,3017,El Paso,Cloudy,,1
2,3017,El Paso,Overcast,81,1
3,3017,El Paso,Overcast,82,1
4,3017,El Paso,Overcast,76,1
5,3017,El Paso,Cloudy,82,1
6,3017,El Paso,Overcast,81,1
7,3017,El Paso,Cloudy,82,1
14,3017,El Paso,Cloudy,79,1
8,3017,El Paso,Cloudy,79,1
9,3017,El Paso,Cloudy,81,1
15,3017,El Paso,Cloudy,76,1
10,3017,El Paso,mostly cloudy,81,1
11,3017,El Paso,Cloudy,82,1
12,3017,El Paso,Cloudy,82,1
13,3017,El Paso,Mostly Cloudy,87,1
13,3120,El Paso,Mostly Cloudy,65,1
13,3259,Fort Worth,Fog/Mist,85,1
13,3373,Fort Worth,Light Rain,85,1
13,3512,Fort Worth,Fair,77,1
13,3513,Fort Worth,Fair,77,1
1,3534,Houston,Cloudy,,1
2,3534,Houston,Overcast,82,1
3,3534,Houston,Overcast,82,1
4,3534,Houston,Overcast,88,1
5,3534,Houston,Cloudy,85,1
6,3534,Houston,Overcast,91,1
7,3534,Houston,Cloudy,84,1
14,3534,Houston,Cloudy,87,1
8,3534,Houston,Cloudy,81,1
9,3534,Houston,Cloudy,87,1
15,3534,Houston,Cloudy,82,1
10,3534,Houston,mostly cloudy,82,1
11,3534,Houston,Cloudy,85,1
12,3534,Houston,Cloudy,81,1
13,3534,Houston,Overcast,80,1
13,3773,Houston,Overcast,77,1
13,3775,Houston,Overcast,78,1
13,3839,Houston,Overcast,77,1
13,4012,Indianapolis,Fair,78,1
13,4149,Indianapolis,Overcast with Haze,81,1
13,4150,Indianapolis,Overcast with Haze,81,1
13,4153,Indianapolis,Overcast with Haze,78,1
1,4186,Jacksonville,Mostly Cloudy,,1
2,4186,Jacksonville,Mostly Cloudy,76,1
3,4186,Jacksonville,Mostly Cloudy,77,1
4,4186,Jacksonville,Mostly Cloudy,85,1
5,4186,Jacksonville,Intermittent Clouds,86,1
6,4186,Jacksonville,Bkh,82,1
7,4186,Jacksonville,Mostly Cloudy,77,1
14,4186,Jacksonville,Mostly Cloudy,74,1
8,4186,Jacksonville,Mostly Clear,85,1
9,4186,Jacksonville,Clear,76,1
15,4186,Jacksonville,Mostly Cloudy,76,1
10,4186,Jacksonville,mostly cloudy,76,1
11,4186,Jacksonville,Some Clouds,86,1
12,4186,Jacksonville,Cloudy,70,1
13,4219,Jacksonville,Mostly Cloudy,77,1
1,4323,Jacksonville,Cloudy,,1
2,4323,Jacksonville,Overcast,82,1
3,4323,Jacksonville,Overcast,83,1
4,4323,Jacksonville,Overcast,90,1
5,4323,Jacksonville,Cloudy,93,1
6,4323,Jacksonville,Overcast,91,1
7,4323,Jacksonville,Cloudy,84,1
8,4323,Jacksonville,Cloudy,93,1
9,4323,Jacksonville,Lake Wind AdvisoryClear,82,1
15,4323,Jacksonville,Cloudy,80,1
10,4323,Jacksonville,mostly cloudy,82,1
11,4323,Jacksonville,Cloudy,93,1
12,4323,Jacksonville,Cloudy,80,1
13,4462,Jacksonville,Overcast,77,1
13,4866,Los Angeles,Fair,77,1
13,4981,Los Angeles,Overcast,81,1
13,5036,Los Angeles,Haze,81,1
13,5050,Los Angeles,Haze,77,1
13,5185,Memphis,Mostly Cloudy,78,1
1,5210,Memphis,Light Freezing Drizzle,,1
2,5210,Memphis,Freezing Drizzle,86,1
3,5210,Memphis,Light Freezing Drizzle,88,1
4,5210,Memphis,Light Freezing Drizzle Mist,59,1
5,5210,Memphis,Freezing Rain,86,1
6,5210,Memphis,Freezing Drizzle,86,1
7,5210,Memphis,Freezing Drizzle,84,1
14,5210,Memphis,Freezing Rain,86,1
8,5210,Memphis,Freezing Rain,88,1
9,5210,Memphis,Weather WarningsFog,86,1
10,5210,Memphis,mostly cloudy,86,1
11,5210,Memphis,Frz.Drizzle,88,1
12,5210,Memphis,Light Snow,88,1
13,5210,Memphis,Light Freezing Drizzle Fog/Mist,88,1
1,5268,Memphis,Cloudy,,1
2,5268,Memphis,Overcast,53,1
3,5268,Memphis,Overcast,55,1
4,5268,Memphis,Overcast,20,1
5,5268,Memphis,Cloudy,55,1
6,5268,Memphis,Overcast,53,1
7,5268,Memphis,Cloudy,69,1
14,5268,Memphis,Cloudy,50,1
8,5268,Memphis,Cloudy,55,1
9,5268,Memphis,Cloudy,53,1
15,5268,Memphis,Cloudy,55,1
10,5268,Memphis,mostly cloudy,53,1
11,5268,Memphis,Cloudy,55,1
12,5268,Memphis,Cloudy,55,1
13,5419,Memphis,Fair,78,1
1,5446,Milwaukee,Partly Cloudy,,1
2,5446,Milwaukee,Partly Cloudy,60,1
3,5446,Milwaukee,Partly Cloudy,57,1
4,5446,Milwaukee,Partly Cloudy,60,1
5,5446,Milwaukee,Partly Cloudy,60,1
6,5446,Milwaukee,Partly Cloudy,60,1
7,5446,Milwaukee,Partly Cloudy,58,1
14,5446,Milwaukee,Partly Cloudy,50,1
8,5446,Milwaukee,Mostly Clear,57,1
9,5446,Milwaukee,Partly Cloudy,60,1
15,5446,Milwaukee,Mostly Clear,60,1
10,5446,Milwaukee,clear sky,55,1
11,5446,Milwaukee,Partly Cloudy,60,1
12,5446,Milwaukee,Clear,60,1
13,5446,Milwaukee,Partly Cloudy,60,1
13,5619,Milwaukee,Fair with Haze,81,1
1,5643,Milwaukee,Light Snow,,1
2,5643,Milwaukee,Light Snow,86,1
3,5643,Milwaukee,Light Snow,88,1
4,5643,Milwaukee,Light Snow Mist,90,1
5,5643,Milwaukee,Flurries,86,1
6,5643,Milwaukee,Snow,86,1
7,5643,Milwaukee,Snow Showers,90,1
14,5643,Milwaukee,Snow Shower,83,1
8,5643,Milwaukee,Flurries,86,1
9,5643,Milwaukee,Short term forecastSnow,86,1
10,5643,Milwaukee,light snow,86,1
11,5643,Milwaukee,Lgt.Snow/Fog,88,1
12,5643,Milwaukee,Snow,92,1
1,5928,Nashville,Cloudy,,1
2,5928,Nashville,Overcast,70,1
13,6068,Nashville,Overcast,65,1
1,6368,New York,Cloudy,,1
2,6368,New York,Overcast,60,1
3,6368,New York,Overcast,59,1
4,6368,New York,Overcast,49,1
5,6368,New York,Cloudy,59,1
6,6368,New York,Overcast,60,1
7,6368,New York,Mostly Cloudy,57,1
8,6368,New York,Mostly Cloudy,54,1
9,6368,New York,Cloudy,60,1
15,6368,New York,Cloudy,59,1
10,6368,New York,mostly cloudy,52,1
11,6368,New York,Cloudy,59,1
12,6368,New York,Cloudy,59,1
1,6914,Philadelphia,Mostly Cloudy,,1
2,6914,Philadelphia,Mostly Cloudy,41,1
3,6914,Philadelphia,Clear,42,1
4,6914,Philadelphia,Clear,51,1
5,6914,Philadelphia,Intermittent Clouds,41,1
6,6914,Philadelphia,Mostly Cloudy,41,1
7,6914,Philadelphia,Partly Cloudy,45,1
14,6914,Philadelphia,Mostly Sunny,38,1
8,6914,Philadelphia,Sunny,38,1
9,6914,Philadelphia,Mostly Cloudy,40,1
15,6914,Philadelphia,Mostly Cloudy,41,1
10,6914,Philadelphia,clear sky,37,1
11,6914,Philadelphia,Some Clouds,41,1
12,6914,Philadelphia,Clear,41,1
1,6932,Philadelphia,Mostly Cloudy,,1
2,6932,Philadelphia,Mostly Cloudy,74,1
3,6932,Philadelphia,Partly Cloudy,74,1
4,6932,Philadelphia,Partly Cloudy,83,1
5,6932,Philadelphia,Intermittent Clouds,74,1
6,6932,Philadelphia,Mostly Cloudy,74,1
7,6932,Philadelphia,Partly Cloudy,73,1
14,6932,Philadelphia,Mostly Clear,62,1
8,6932,Philadelphia,Mostly Clear,68,1
9,6932,Philadelphia,Mostly Cloudy,74,1
15,6932,Philadelphia,Mostly Cloudy,80,1
10,6932,Philadelphia,clear sky,73,1
11,6932,Philadelphia,Mostly Cloudy,75,1
12,6932,Philadelphia,Partly Cloudy,74,1
1,6993,Philadelphia,Light Snow,,1
2,6993,Philadelphia,Light Snow,93,1
3,6993,Philadelphia,Light Snow,100,1
4,6993,Philadelphia,Light Snow Mist,95,1
5,6993,Philadelphia,Flurries,93,1
6,6993,Philadelphia,Snow,93,1
7,6993,Philadelphia,Cloudy,96,1
14,6993,Philadelphia,Snow Shower,95,1
8,6993,Philadelphia,Flurries,92,1
9,6993,Philadelphia,Snow,93,1
15,6993,Philadelphia,Mist,93,1
10,6993,Philadelphia,light snow,93,1
11,6993,Philadelphia,Light Snow,93,1
12,6993,Philadelphia,Light Fog,100,1
1,7150,Phoenix,Mostly Cloudy,,1
2,7150,Phoenix,Mostly Cloudy,37,1
3,7150,Phoenix,Mostly Cloudy,38,1
4,7150,Phoenix,Mostly Cloudy,38,1
5,7150,Phoenix,Intermittent Clouds,37,1
6,7150,Phoenix,Clear,39,1
7,7150,Phoenix,Mostly Cloudy,36,1
14,7150,Phoenix,Mostly Cloudy,42,1
8,7150,Phoenix,Intermittent Clouds,37,1
9,7150,Phoenix,Mostly Cloudy,36,1
15,7150,Phoenix,Mostly Cloudy,37,1
10,7150,Phoenix,mostly cloudy,36,1
11,7150,Phoenix,Clouds And Sun,37,1
12,7150,Phoenix,Sunny,37,1
13,7150,Phoenix,Mostly Cloudy,38,1
13,7346,Phoenix,Overcast,66,1
13,7413,Portland,Mostly Cloudy,77,1
13,7416,Portland,Mostly Cloudy,77,1
13,7422,Portland,Mostly Cloudy,77,1
1,7691,San Antonio,Mostly Cloudy,,1
2,7691,San Antonio,Mostly Cloudy,76,1
3,7691,San Antonio,Scattered Clouds,76,1
4,7691,San Antonio,Scattered Clouds,74,1
5,7691,San Antonio,Showers,82,1
6,7691,San Antonio,Partly Cloudy,75,1
7,7691,San Antonio,Mostly Cloudy,72,1
14,7691,San Antonio,Cloudy,82,1
8,7691,San Antonio,Showers,82,1
9,7691,San Antonio,Short term forecastMostly Cloudy,81,1
15,7691,San Antonio,Mostly Clear,76,1
10,7691,San Antonio,light rain,81,1
11,7691,San Antonio,Partly Sunny,76,1
12,7691,San Antonio,Light Rain,82,1
13,7691,San Antonio,Partly Cloudy and Breezy,76,1
1,8168,San Diego,Mostly Cloudy,,1
2,8168,San Diego,Hazy,77,1
13,8173,San Diego,A Few Clouds,77,1
13,8180,San Diego,A Few Clouds,77,1
1,8208,San Diego,Cloudy,,1
2,8208,San Diego,Hazy,82,1
3,8208,San Diego,Haze,80,1
4,8208,San Diego,Haze,93,1
5,8208,San Diego,Cloudy,80,1
6,8208,San Diego,Overcast,92,1
7,8208,San Diego,Cloudy,81,1
14,8208,San Diego,Mostly Cloudy,83,1
8,8208,San Diego,Cloudy,80,1
9,8208,San Diego,Haze,82,1
15,8208,San Diego,Haze,80,1
10,8208,San Diego,mostly cloudy,82,1
11,8208,San Diego,Cloudy,80,1
12,8208,San Diego,Cloudy,86,1
13,8297,San Diego,Overcast,78,1
4,8417,San Francisco,Scattered Clouds,86,1
5,8417,San Francisco,Partly Cloudy,96,1
6,8417,San Francisco,Partly Cloudy,88,1
7,8417,San Francisco,Mostly Cloudy,92,1
14,8417,San Francisco,Partly Cloudy,89,1
8,8417,San Francisco,Partly Cloudy,89,1
9,8417,San Francisco,Mostly Cloudy,93,1
15,8417,San Francisco,Mostly Clear,93,1
10,8417,San Francisco,clear sky,87,1
11,8417,San Francisco,Partly Cloudy,96,1
1,8432,San Francisco,Mostly Cloudy,,1
2,8432,San Francisco,Partly Cloudy,72,1
3,8432,San Francisco,Mostly Cloudy,83,1
4,8432,San Francisco,Mostly Cloudy,84,1
5,8432,San Francisco,Mostly Cloudy,82,1
6,8432,San Francisco,Mostly Cloudy,82,1
7,8432,San Francisco,Partly Cloudy,84,1
14,8432,San Francisco,Mostly Cloudy,83,1
8,8432,San Francisco,Cloudy,82,1
9,8432,San Francisco,Partly Cloudy,71,1
15,8432,San Francisco,Mostly Cloudy,83,1
10,8432,San Francisco,mostly cloudy,82,1
11,8432,San Francisco,Mostly Cloudy,82,1
1,8792,San Jose,Cloudy,,1
2,8792,San Jose,Overcast,82,1
3,8792,San Jose,Overcast,80,1
4,8792,San Jose,Overcast,83,1
5,8792,San Jose,Cloudy,80,1
6,8792,San Jose,Overcast,71,1
7,8792,San Jose,Cloudy,83,1
14,8792,San Jose,Mostly Cloudy,72,1
8,8792,San Jose,Cloudy,80,1
9,8792,San Jose,Cloudy,82,1
15,8792,San Jose,Cloudy,80,1
10,8792,San Jose,mostly cloudy,82,1
11,8792,San Jose,Cloudy,80,1
12,8792,San Jose,Cloudy,71,1
13,9130,Seattle,Mostly Cloudy,77,1
1,9293,Washington,Cloudy,,1
2,9293,Washington,Overcast,36,1
3,9293,Washington,Overcast,38,1
3,9293,Washington,Overcast,61,1
4,9293,Washington,Overcast,45,1
4,9293,Washington,Overcast,69,1
5,9293,Washington,Cloudy,38,1
6,9293,Washington,Overcast,36,1
6,9293,Washington,Overcast,62,1
7,9293,Washington,Cloudy,32,1
7,9293,Washington,Cloudy,63,1
14,9293,Washington,Cloudy,31,1
8,9293,Washington,Cloudy,38,1
9,9293,Washington,Cloudy,36,1
15,9293,Washington,Cloudy,38,1
10,9293,Washington,mostly cloudy,36,1
10,9293,Washington,mostly cloudy,62,1
11,9293,Washington,Cloudy,38,1
12,9293,Washington,Cloudy,38,1
13,9293,Washington,Overcast,37,1
13,9516,Washington,Mostly Cloudy,66,1
13,9584,Washington,Fog/Mist,85,1
