0,entity,Domain,Conditions,,day,,,,,,,,,,
1,5,Austin,Rain,,1,,,,,,,,,,
2,5,Austin,Rain,93,1,,,,,,,,,,
3,5,Austin,Light Rain,93,1,,,,,,,,,,
4,5,Austin,Light Rain,76,1,,,,,,,,,,
5,5,Austin,Rain,93,1,,,,,,,,,,
6,5,Austin,Light Rain,97,1,,,,,,,,,,
7,5,Austin,Showers,87,1,,,,,,,,,,
14,5,Austin,Cloudy,90,1,,,,,,,,,,
8,5,Austin,Cloudy,89,1,,,,,,,,,,
9,5,Austin,Short term forecastRain,93,1,,,,,,,,,,
10,5,Austin,moderate rain,93,1,,,,,,,,,,
11,5,Austin,Rain,93,1,,,,,,,,,,
12,5,Austin,Rain,93,1,,,,,,,,,,
13,5,Austin,Rain Fog/Mist,93,1,,,,,,,,,,
1,10,Austin,Rain,,1,,,,,,,,,,
2,10,Austin,Rain,93,1,,,,,,,,,,
3,10,Austin,Rain,93,1,,,,,,,,,,
4,10,Austin,Rain Mist,80,1,,,,,,,,,,
5,10,Austin,Rain,95,1,,,,,,,,,,
6,10,Austin,Light Rain,97,1,,,,,,,,,,
7,10,Austin,Rain,93,1,,,,,,,,,,
14,10,Austin,Thunderstorm,92,1,,,,,,,,,,
8,10,Austin,Rain,95,1,,,,,,,,,,
9,10,Austin,Weather WarningsCloudy,93,1,,,,,,,,,,
10,10,Austin,moderate rain,93,1,,,,,,,,,,
11,10,Austin,Light Rain,93,1,,,,,,,,,,
12,10,Austin,Rain,93,1,,,,,,,,,,
13,10,Austin,Rain Fog/Mist,93,1,,,,,,,,,,
1,13,Austin,Cloudy,,1,,,,,,,,,,
2,13,Austin,Mostly Cloudy,81,1,,,,,,,,,,
3,13,Austin,Overcast,76,1,,,,,,,,,,
4,13,Austin,Overcast,62,1,,,,,,,,,,
5,13,Austin,Cloudy,82,1,,,,,,,,,,
6,13,Austin,Overcast,66,1,,,,,,,,,,
7,13,Austin,Cloudy,76,1,,,,,,,,,,
14,13,Austin,Rain,96,1,,,,,,,,,,
8,13,Austin,Cloudy,82,1,,,,,,,,,,
9,13,Austin,Short term forecastMostly Cloudy,81,1,,,,,,,,,,
10,13,Austin,mostly cloudy,81,1,,,,,,,,,,
11,13,Austin,Cloudy,82,1,,,,,,,,,,
12,13,Austin,Cloudy,86,1,,,,,,,,,,
13,13,Austin,Mostly Cloudy,74,1,,,,,,,,,,
1,25,Austin,Cloudy,,1,,,,,,,,,,
2,25,Austin,Fog And Mist,87,1,,,,,,,,,,
3,25,Austin,Overcast,85,1,,,,,,,,,,
4,25,Austin,Overcast,75,1,,,,,,,,,,
5,25,Austin,Cloudy,81,1,,,,,,,,,,
6,25,Austin,Mist,80,1,,,,,,,,,,
7,25,Austin,Cloudy,86,1,,,,,,,,,,
14,25,Austin,Cloudy,82,1,,,,,,,,,,
8,25,Austin,Cloudy,81,1,,,,,,,,,,
9,25,Austin,Fog,86,1,,,,,,,,,,
10,25,Austin,mostly cloudy,80,1,,,,,,,,,,
11,25,Austin,Cloudy,81,1,,,,,,,,,,
12,25,Austin,Cloudy,93,1,,,,,,,,,,
1,31,Austin,Cloudy,,1,,,,,,,,,,
2,31,Austin,Overcast,87,1,,,,,,,,,,
3,31,Austin,Overcast,85,1,,,,,,,,,,
4,31,Austin,Overcast,77,1,,,,,,,,,,
5,31,Austin,Cloudy,84,1,,,,,,,,,,
6,31,Austin,Overcast,86,1,,,,,,,,,,
7,31,Austin,Cloudy,89,1,,,,,,,,,,
14,31,Austin,Cloudy,85,1,,,,,,,,,,
8,31,Austin,Cloudy,84,1,,,,,,,,,,
9,31,Austin,Cloudy,86,1,,,,,,,,,,
10,31,Austin,mostly cloudy,80,1,,,,,,,,,,
11,31,Austin,Cloudy,84,1,,,,,,,,,,
12,31,Austin,Cloudy,93,1,,,,,,,,,,
1,35,Austin,Cloudy,,1,,,,,,,,,,
2,35,Austin,Overcast,81,1,,,,,,,,,,
3,35,Austin,Overcast,85,1,,,,,,,,,,
4,35,Austin,Overcast,75,1,,,,,,,,,,
5,35,Austin,Cloudy,86,1,,,,,,,,,,
6,35,Austin,Overcast,88,1,,,,,,,,,,
7,35,Austin,Cloudy,81,1,,,,,,,,,,
14,35,Austin,Mostly Cloudy,89,1,,,,,,,,,,
8,35,Austin,Mostly Cloudy,88,1,,,,,,,,,,
9,35,Austin,Cloudy,80,1,,,,,,,,,,
10,35,Austin,mostly cloudy,87,1,,,,,,,,,,
11,35,Austin,Cloudy,85,1,,,,,,,,,,
12,35,Austin,Cloudy,93,1,,,,,,,,,,
1,38,Austin,Cloudy,,1,,,,,,,,,,
2,38,Austin,Overcast,81,1,,,,,,,,,,
3,38,Austin,Overcast,82,1,,,,,,,,,,
4,38,Austin,Overcast,75,1,,,,,,,,,,
5,38,Austin,Cloudy,85,1,,,,,,,,,,
6,38,Austin,Overcast,85,1,,,,,,,,,,
7,38,Austin,Cloudy,82,1,,,,,,,,,,
14,38,Austin,Cloudy,86,1,,,,,,,,,,
8,38,Austin,Cloudy,85,1,,,,,,,,,,
9,38,Austin,Short term forecastCloudy,80,1,,,,,,,,,,
10,38,Austin,mostly cloudy,87,1,,,,,,,,,,
11,38,Austin,Cloudy,85,1,,,,,,,,,,
12,38,Austin,Cloudy,86,1,,,,,,,,,,
1,39,Austin,Cloudy,,1,,,,,,,,,,
2,39,Austin,Overcast,87,1,,,,,,,,,,
3,39,Austin,Overcast,86,1,,,,,,,,,,
4,39,Austin,Overcast,77,1,,,,,,,,,,
5,39,Austin,Cloudy,85,1,,,,,,,,,,
6,39,Austin,Overcast,84,1,,,,,,,,,,
7,39,Austin,Cloudy,87,1,,,,,,,,,,
14,39,Austin,Cloudy,86,1,,,,,,,,,,
8,39,Austin,Cloudy,85,1,,,,,,,,,,
9,39,Austin,Short term forecastFog,87,1,,,,,,,,,,
10,39,Austin,mostly cloudy,87,1,,,,,,,,,,
11,39,Austin,Cloudy,85,1,,,,,,,,,,
12,39,Austin,Cloudy,86,1,,,,,,,,,,
1,43,Austin,Cloudy,,1,,,,,,,,,,
2,43,Austin,Fog And Mist,87,1,,,,,,,,,,
3,43,Austin,Overcast,89,1,,,,,,,,,,
4,43,Austin,Overcast,79,1,,,,,,,,,,
5,43,Austin,Showers,93,1,,,,,,,,,,
6,43,Austin,Mist,95,1,,,,,,,,,,
7,43,Austin,Cloudy,87,1,,,,,,,,,,
14,43,Austin,Drizzle,93,1,,,,,,,,,,
8,43,Austin,Showers,92,1,,,,,,,,,,
9,43,Austin,Short term forecastFog,93,1,,,,,,,,,,
10,43,Austin,mostly cloudy,93,1,,,,,,,,,,
11,43,Austin,Mist,93,1,,,,,,,,,,
12,43,Austin,Cloudy,93,1,,,,,,,,,,
1,50,Austin,Cloudy,,1,,,,,,,,,,
2,50,Austin,Fog And Mist,81,1,,,,,,,,,,
3,50,Austin,Haze,82,1,,,,,,,,,,
4,50,Austin,Haze,72,1,,,,,,,,,,
5,50,Austin,Fog,88,1,,,,,,,,,,
6,50,Austin,Hazy,77,1,,,,,,,,,,
7,50,Austin,Cloudy,82,1,,,,,,,,,,
14,50,Austin,Cloudy,89,1,,,,,,,,,,
8,50,Austin,Fog,81,1,,,,,,,,,,
9,50,Austin,Short term forecastHaze,81,1,,,,,,,,,,
10,50,Austin,mostly cloudy,81,1,,,,,,,,,,
11,50,Austin,Light Fog,88,1,,,,,,,,,,
12,50,Austin,Mostly Cloudy,87,1,,,,,,,,,,
13,60,Austin,Overcast,85,1,,,,,,,,,,
1,91,Austin,Partly Cloudy,,1,,,,,,,,,,
2,91,Austin,Overcast,65,1,,,,,,,,,,
3,91,Austin,Scattered Clouds,64,1,,,,,,,,,,
4,91,Austin,Scattered Clouds,53,1,,,,,,,,,,
5,91,Austin,Partly Cloudy,64,1,,,,,,,,,,
6,91,Austin,Partly Cloudy,52,1,,,,,,,,,,
7,91,Austin,Cloudy,63,1,,,,,,,,,,
14,91,Austin,Partly Cloudy,64,1,,,,,,,,,,
8,91,Austin,Partly Cloudy,64,1,,,,,,,,,,
9,91,Austin,Partly Cloudy,64,1,,,,,,,,,,
10,91,Austin,clear sky,64,1,,,,,,,,,,
11,91,Austin,Partly Cloudy,64,1,,,,,,,,,,
12,91,Austin,Cloudy,69,1,,,,,,,,,,
13,91,Austin,Partly Cloudy,64,1,,,,,,,,,,
1,104,Austin,Fair,,1,,,,,,,,,,
2,104,Austin,Clear,69,1,,,,,,,,,,
3,104,Austin,Clear,72,1,,,,,,,,,,
4,104,Austin,Clear,47,1,,,,,,,,,,
5,104,Austin,Partly Sunny,80,1,,,,,,,,,,
6,104,Austin,Clear,63,1,,,,,,,,,,
7,104,Austin,Partly Cloudy,65,1,,,,,,,,,,
14,104,Austin,Mostly Cloudy,73,1,,,,,,,,,,
8,104,Austin,Partly Sunny,80,1,,,,,,,,,,
9,104,Austin,Clear,69,1,,,,,,,,,,
10,104,Austin,clear sky,80,1,,,,,,,,,,
11,104,Austin,Partly Sunny,80,1,,,,,,,,,,
12,104,Austin,Cloudy,74,1,,,,,,,,,,
13,104,Austin,Fair,72,1,,,,,,,,,,
1,112,Austin,Fair,,1,,,,,,,,,,
2,112,Austin,Clear,53,1,,,,,,,,,,
3,112,Austin,Clear,53,1,,,,,,,,,,
4,112,Austin,Clear,47,1,,,,,,,,,,
5,112,Austin,Partly Sunny,55,1,,,,,,,,,,
6,112,Austin,Clear,41,1,,,,,,,,,,
7,112,Austin,Sunny,54,1,,,,,,,,,,
14,112,Austin,Partly Cloudy,60,1,,,,,,,,,,
8,112,Austin,Partly Sunny,55,1,,,,,,,,,,
9,112,Austin,Clear,52,1,,,,,,,,,,
10,112,Austin,clear sky,61,1,,,,,,,,,,
11,112,Austin,Partly Sunny,55,1,,,,,,,,,,
12,112,Austin,Partly Sunny,75,1,,,,,,,,,,
13,112,Austin,Fair,53,1,,,,,,,,,,
1,130,Austin,Cloudy,,1,,,,,,,,,,
2,130,Austin,Overcast,93,1,,,,,,,,,,
3,130,Austin,Overcast,85,1,,,,,,,,,,
4,130,Austin,Overcast,78,1,,,,,,,,,,
5,130,Austin,Cloudy,88,1,,,,,,,,,,
6,130,Austin,Overcast,87,1,,,,,,,,,,
7,130,Austin,Cloudy,84,1,,,,,,,,,,
14,130,Austin,Cloudy,88,1,,,,,,,,,,
8,130,Austin,Cloudy,88,1,,,,,,,,,,
9,130,Austin,Cloudy,93,1,,,,,,,,,,
10,130,Austin,mostly cloudy,86,1,,,,,,,,,,
11,130,Austin,Cloudy,88,1,,,,,,,,,,
12,130,Austin,Cloudy,86,1,,,,,,,,,,
13,130,Austin,Overcast,85,1,,,,,,,,,,
1,132,Austin,Cloudy,,1,,,,,,,,,,
2,132,Austin,Overcast,86,1,,,,,,,,,,
3,132,Austin,Overcast,85,1,,,,,,,,,,
4,132,Austin,Overcast,78,1,,,,,,,,,,
5,132,Austin,Cloudy,88,1,,,,,,,,,,
6,132,Austin,Overcast,89,1,,,,,,,,,,
7,132,Austin,Cloudy,82,1,,,,,,,,,,
14,132,Austin,Cloudy,88,1,,,,,,,,,,
8,132,Austin,Cloudy,88,1,,,,,,,,,,
9,132,Austin,Cloudy,86,1,,,,,,,,,,
10,132,Austin,mostly cloudy,86,1,,,,,,,,,,
11,132,Austin,Cloudy,88,1,,,,,,,,,,
12,132,Austin,Cloudy,92,1,,,,,,,,,,
13,132,Austin,Overcast,85,1,,,,,,,,,,
1,145,Austin,Cloudy,,1,,,,,,,,,,
2,145,Austin,Overcast,81,1,,,,,,,,,,
3,145,Austin,Haze,82,1,,,,,,,,,,
4,145,Austin,Haze,68,1,,,,,,,,,,
5,145,Austin,Cloudy,81,1,,,,,,,,,,
6,145,Austin,Hazy,70,1,,,,,,,,,,
7,145,Austin,Cloudy,80,1,,,,,,,,,,
14,145,Austin,Cloudy,85,1,,,,,,,,,,
8,145,Austin,Cloudy,81,1,,,,,,,,,,
9,145,Austin,Cloudy,80,1,,,,,,,,,,
10,145,Austin,mostly cloudy,80,1,,,,,,,,,,
11,145,Austin,Cloudy,81,1,,,,,,,,,,
12,145,Austin,Cloudy,93,1,,,,,,,,,,
13,145,Austin,Overcast with Haze,82,1,,,,,,,,,,
1,149,Austin,Light Rain,,1,,,,,,,,,,
2,149,Austin,Light Rain,93,1,,,,,,,,,,
3,149,Austin,Light Rain,93,1,,,,,,,,,,
4,149,Austin,Light Rain Mist,98,1,,,,,,,,,,
5,149,Austin,Rain,96,1,,,,,,,,,,
6,149,Austin,Light Rain,97,1,,,,,,,,,,
7,149,Austin,Showers,93,1,,,,,,,,,,
14,149,Austin,Showers,93,1,,,,,,,,,,
8,149,Austin,Rain,96,1,,,,,,,,,,
9,149,Austin,Short term forecastRain,93,1,,,,,,,,,,
10,149,Austin,moderate rain,93,1,,,,,,,,,,
11,149,Austin,Rain,96,1,,,,,,,,,,
12,149,Austin,Rain,100,1,,,,,,,,,,
1,154,Austin,Cloudy,,1,,,,,,,,,,
2,154,Austin,Fog And Mist,94,1,,,,,,,,,,
3,154,Austin,Overcast,93,1,,,,,,,,,,
4,154,Austin,Overcast,98,1,,,,,,,,,,
5,154,Austin,Showers,92,1,,,,,,,,,,
6,154,Austin,Mist,97,1,,,,,,,,,,
7,154,Austin,Cloudy,93,1,,,,,,,,,,
14,154,Austin,Drizzle,93,1,,,,,,,,,,
8,154,Austin,Showers,92,1,,,,,,,,,,
9,154,Austin,Short term forecastFog,93,1,,,,,,,,,,
10,154,Austin,mostly cloudy,93,1,,,,,,,,,,
11,154,Austin,Mist,92,1,,,,,,,,,,
12,154,Austin,Cloudy,93,1,,,,,,,,,,
1,156,Austin,Rain,,1,,,,,,,,,,
2,156,Austin,Rain,100,1,,,,,,,,,,
3,156,Austin,Light Rain,97,1,,,,,,,,,,
4,156,Austin,Light Rain Mist,98,1,,,,,,,,,,
5,156,Austin,Rain,93,1,,,,,,,,,,
6,156,Austin,Light Rain,97,1,,,,,,,,,,
7,156,Austin,Rain,100,1,,,,,,,,,,
8,156,Austin,Showers,92,1,,,,,,,,,,
9,156,Austin,Short term forecastRain,100,1,,,,,,,,,,
10,156,Austin,light rain,93,1,,,,,,,,,,
11,156,Austin,Rain,93,1,,,,,,,,,,
12,156,Austin,Rain,100,1,,,,,,,,,,
1,167,Austin,Cloudy,,1,,,,,,,,,,
2,167,Austin,Fog And Mist,93,1,,,,,,,,,,
3,167,Austin,Light Rain,96,1,,,,,,,,,,
4,167,Austin,Light Rain Mist,98,1,,,,,,,,,,
5,167,Austin,Fog,100,1,,,,,,,,,,
6,167,Austin,Light Rain,97,1,,,,,,,,,,
7,167,Austin,Cloudy,95,1,,,,,,,,,,
8,167,Austin,Fog,100,1,,,,,,,,,,
9,167,Austin,Short term forecastRain,93,1,,,,,,,,,,
10,167,Austin,mostly cloudy,100,1,,,,,,,,,,
11,167,Austin,Mist,100,1,,,,,,,,,,
12,167,Austin,Rain,100,1,,,,,,,,,,
13,174,Austin,Fog/Mist,93,1,,,,,,,,,,
1,205,Austin,Fog,,1,,,,,,,,,,
2,205,Austin,Fog And Mist,93,1,,,,,,,,,,
3,205,Austin,Overcast,93,1,,,,,,,,,,
4,205,Austin,Overcast,89,1,,,,,,,,,,
5,205,Austin,Showers,96,1,,,,,,,,,,
6,205,Austin,Mist,97,1,,,,,,,,,,
7,205,Austin,Fog,93,1,,,,,,,,,,
14,205,Austin,Cloudy,93,1,,,,,,,,,,
8,205,Austin,Showers,96,1,,,,,,,,,,
9,205,Austin,Short term forecastFog,93,1,,,,,,,,,,
10,205,Austin,mostly cloudy,100,1,,,,,,,,,,
11,205,Austin,Mist,96,1,,,,,,,,,,
12,205,Austin,Light Fog,100,1,,,,,,,,,,
1,209,Austin,Fog,,1,,,,,,,,,,
2,209,Austin,Fog And Mist,93,1,,,,,,,,,,
3,209,Austin,Overcast,93,1,,,,,,,,,,
4,209,Austin,Overcast,93,1,,,,,,,,,,
5,209,Austin,Rain,100,1,,,,,,,,,,
6,209,Austin,Mist,97,1,,,,,,,,,,
7,209,Austin,Fog,93,1,,,,,,,,,,
14,209,Austin,Drizzle,97,1,,,,,,,,,,
8,209,Austin,Showers,96,1,,,,,,,,,,
9,209,Austin,Fog,93,1,,,,,,,,,,
10,209,Austin,light rain,100,1,,,,,,,,,,
11,209,Austin,Rain,100,1,,,,,,,,,,
12,209,Austin,Light Fog,100,1,,,,,,,,,,
13,251,Austin,Fog/Mist,86,1,,,,,,,,,,
13,254,Austin,Fog/Mist,86,1,,,,,,,,,,
13,257,Austin,Overcast with Haze,80,1,,,,,,,,,,
1,259,Austin,Cloudy,,1,,,,,,,,,,
2,259,Austin,Hazy,77,1,,,,,,,,,,
3,259,Austin,Haze,80,1,,,,,,,,,,
4,259,Austin,Haze,75,1,,,,,,,,,,
5,259,Austin,Cloudy,76,1,,,,,,,,,,
6,259,Austin,Hazy,78,1,,,,,,,,,,
7,259,Austin,Cloudy,81,1,,,,,,,,,,
14,259,Austin,Cloudy,77,1,,,,,,,,,,
8,259,Austin,Cloudy,76,1,,,,,,,,,,
9,259,Austin,Short term forecastHaze,76,1,,,,,,,,,,
10,259,Austin,mostly cloudy,77,1,,,,,,,,,,
11,259,Austin,Cloudy,76,1,,,,,,,,,,
12,259,Austin,Cloudy,87,1,,,,,,,,,,
1,273,Austin,Light Rain,,1,,,,,,,,,,
2,273,Austin,Light Rain,87,1,,,,,,,,,,
3,273,Austin,Light Rain,86,1,,,,,,,,,,
4,273,Austin,Light Rain Mist,86,1,,,,,,,,,,
5,273,Austin,Rain,89,1,,,,,,,,,,
6,273,Austin,Light Rain,93,1,,,,,,,,,,
7,273,Austin,Showers,86,1,,,,,,,,,,
14,273,Austin,Cloudy,90,1,,,,,,,,,,
8,273,Austin,Cloudy,89,1,,,,,,,,,,
9,273,Austin,Rain,87,1,,,,,,,,,,
10,273,Austin,light rain,87,1,,,,,,,,,,
11,273,Austin,Rain,89,1,,,,,,,,,,
12,273,Austin,Rain,87,1,,,,,,,,,,
1,275,Austin,Rain,,1,,,,,,,,,,
2,275,Austin,Rain,93,1,,,,,,,,,,
3,275,Austin,Light Rain,93,1,,,,,,,,,,
4,275,Austin,Light Rain Mist,96,1,,,,,,,,,,
5,275,Austin,Rain,93,1,,,,,,,,,,
6,275,Austin,Light Rain,97,1,,,,,,,,,,
7,275,Austin,Rain,93,1,,,,,,,,,,
14,275,Austin,Rain,89,1,,,,,,,,,,
8,275,Austin,Rain,93,1,,,,,,,,,,
9,275,Austin,Short term forecastRain,93,1,,,,,,,,,,
10,275,Austin,light rain,93,1,,,,,,,,,,
11,275,Austin,Rain,93,1,,,,,,,,,,
12,275,Austin,Rain,100,1,,,,,,,,,,
1,280,Austin,Light Rain,,1,,,,,,,,,,
2,280,Austin,Light Rain,100,1,,,,,,,,,,
3,280,Austin,Light Rain,97,1,,,,,,,,,,
4,280,Austin,Light Rain Mist,98,1,,,,,,,,,,
5,280,Austin,Rain,92,1,,,,,,,,,,
6,280,Austin,Light Rain,97,1,,,,,,,,,,
7,280,Austin,Showers,97,1,,,,,,,,,,
14,280,Austin,Showers,96,1,,,,,,,,,,
8,280,Austin,Rain,92,1,,,,,,,,,,
9,280,Austin,Weather WarningsRain,100,1,,,,,,,,,,
10,280,Austin,light rain,93,1,,,,,,,,,,
11,280,Austin,Rain,92,1,,,,,,,,,,
12,280,Austin,Rain,100,1,,,,,,,,,,
13,302,Austin,Overcast,80,1,,,,,,,,,,
13,314,Austin,Light Rain Fog/Mist,93,1,,,,,,,,,,
13,315,Austin,Light Rain Fog/Mist,90,1,,,,,,,,,,
1,324,Baltimore,Fair,,1,,,,,,,,,,
2,324,Baltimore,Fair,38,1,,,,,,,,,,
3,324,Baltimore,Mostly Cloudy,43,1,,,,,,,,,,
4,324,Baltimore,Mostly Cloudy,50,1,,,,,,,,,,
5,324,Baltimore,Intermittent Clouds,43,1,,,,,,,,,,
6,324,Baltimore,Mostly Cloudy,42,1,,,,,,,,,,
7,324,Baltimore,Partly Cloudy,30,1,,,,,,,,,,
8,324,Baltimore,Intermittent Clouds,43,1,,,,,,,,,,
9,324,Baltimore,Mostly Cloudy,42,1,,,,,,,,,,
15,324,Baltimore,Mostly Cloudy,45,1,,,,,,,,,,
10,324,Baltimore,normal,38,1,,,,,,,,,,
11,324,Baltimore,Some Clouds,43,1,,,,,,,,,,
13,324,Baltimore,Mostly Cloudy,41,1,,,,,,,,,,
1,342,Baltimore,Clear,,1,,,,,,,,,,
2,342,Baltimore,Clear,46,1,,,,,,,,,,
3,342,Baltimore,Clear,53,1,,,,,,,,,,
4,342,Baltimore,Clear,50,1,,,,,,,,,,
5,342,Baltimore,Clear,52,1,,,,,,,,,,
6,342,Baltimore,Clear,46,1,,,,,,,,,,
7,342,Baltimore,Clear,37,1,,,,,,,,,,
8,342,Baltimore,Clear,52,1,,,,,,,,,,
9,342,Baltimore,Clear,53,1,,,,,,,,,,
15,342,Baltimore,Clear,52,1,,,,,,,,,,
10,342,Baltimore,normal,43,1,,,,,,,,,,
11,342,Baltimore,Clear,52,1,,,,,,,,,,
12,342,Baltimore,Clear,52,1,,,,,,,,,,
13,376,Baltimore,Fair,43,1,,,,,,,,,,
13,382,Baltimore,A Few Clouds,57,1,,,,,,,,,,
13,398,Baltimore,Overcast,40,1,,,,,,,,,,
1,407,Baltimore,Partly Cloudy,,1,,,,,,,,,,
2,407,Baltimore,Fair,30,1,,,,,,,,,,
3,407,Baltimore,Overcast,37,1,,,,,,,,,,
4,407,Baltimore,Overcast,47,1,,,,,,,,,,
5,407,Baltimore,Cloudy,36,1,,,,,,,,,,
6,407,Baltimore,Overcast,36,1,,,,,,,,,,
7,407,Baltimore,Cloudy,27,1,,,,,,,,,,
8,407,Baltimore,Cloudy,38,1,,,,,,,,,,
9,407,Baltimore,Cloudy,36,1,,,,,,,,,,
15,407,Baltimore,Cloudy,36,1,,,,,,,,,,
10,407,Baltimore,normal,30,1,,,,,,,,,,
11,407,Baltimore,Cloudy,36,1,,,,,,,,,,
12,407,Baltimore,Cloudy,36,1,,,,,,,,,,
13,407,Baltimore,Overcast,34,1,,,,,,,,,,
1,408,Baltimore,Partly Cloudy,,1,,,,,,,,,,
2,408,Baltimore,Fair,33,1,,,,,,,,,,
3,408,Baltimore,Overcast,37,1,,,,,,,,,,
4,408,Baltimore,Overcast,45,1,,,,,,,,,,
5,408,Baltimore,Cloudy,36,1,,,,,,,,,,
6,408,Baltimore,Overcast,36,1,,,,,,,,,,
7,408,Baltimore,Cloudy,28,1,,,,,,,,,,
8,408,Baltimore,Cloudy,36,1,,,,,,,,,,
9,408,Baltimore,Cloudy,36,1,,,,,,,,,,
15,408,Baltimore,Mostly Cloudy,40,1,,,,,,,,,,
10,408,Baltimore,normal,33,1,,,,,,,,,,
11,408,Baltimore,Cloudy,36,1,,,,,,,,,,
12,408,Baltimore,Cloudy,36,1,,,,,,,,,,
13,408,Baltimore,Mostly Cloudy,35,1,,,,,,,,,,
1,428,Baltimore,Snow,,1,,,,,,,,,,
2,428,Baltimore,Fair,79,1,,,,,,,,,,
3,428,Baltimore,Light Snow,84,1,,,,,,,,,,
4,428,Baltimore,Light Snow Mist,84,1,,,,,,,,,,
5,428,Baltimore,Snow,83,1,,,,,,,,,,
6,428,Baltimore,Snow,79,1,,,,,,,,,,
7,428,Baltimore,Snow,76,1,,,,,,,,,,
8,428,Baltimore,Snow,79,1,,,,,,,,,,
9,428,Baltimore,Weather WarningsSnow,79,1,,,,,,,,,,
10,428,Baltimore,normal,79,1,,,,,,,,,,
11,428,Baltimore,Snow And Fog,83,1,,,,,,,,,,
12,428,Baltimore,Snow/Fog,83,1,,,,,,,,,,
13,428,Baltimore,Snow,77,1,,,,,,,,,,
1,441,Baltimore,Light Snow,,1,,,,,,,,,,
2,441,Baltimore,Fair,63,1,,,,,,,,,,
3,441,Baltimore,Light Snow,81,1,,,,,,,,,,
4,441,Baltimore,Light Snow,77,1,,,,,,,,,,
5,441,Baltimore,Flurries,80,1,,,,,,,,,,
6,441,Baltimore,Snow,79,1,,,,,,,,,,
7,441,Baltimore,Snow Showers,55,1,,,,,,,,,,
8,441,Baltimore,Flurries,79,1,,,,,,,,,,
9,441,Baltimore,Weather WarningsSnow,79,1,,,,,,,,,,
15,441,Baltimore,Light Snow,80,1,,,,,,,,,,
10,441,Baltimore,normal,73,1,,,,,,,,,,
11,441,Baltimore,Light Snow,80,1,,,,,,,,,,
12,441,Baltimore,Light Snow,80,1,,,,,,,,,,
13,441,Baltimore,Light Snow,68,1,,,,,,,,,,
1,462,Baltimore,Sunny,,1,,,,,,,,,,
2,462,Baltimore,Fair,29,1,,,,,,,,,,
3,462,Baltimore,Clear,34,1,,,,,,,,,,
4,462,Baltimore,Clear,47,1,,,,,,,,,,
5,462,Baltimore,Sunny,33,1,,,,,,,,,,
6,462,Baltimore,Clear,33,1,,,,,,,,,,
7,462,Baltimore,Sunny,22,1,,,,,,,,,,
8,462,Baltimore,Sunny,33,1,,,,,,,,,,
9,462,Baltimore,Clear,33,1,,,,,,,,,,
15,462,Baltimore,Clear,34,1,,,,,,,,,,
10,462,Baltimore,normal,28,1,,,,,,,,,,
11,462,Baltimore,Sunny,33,1,,,,,,,,,,
12,462,Baltimore,Sunny,33,1,,,,,,,,,,
13,462,Baltimore,Fair,34,1,,,,,,,,,,
1,467,Baltimore,Sunny,,1,,,,,,,,,,
2,467,Baltimore,Fair,34,1,,,,,,,,,,
3,467,Baltimore,Clear,38,1,,,,,,,,,,
4,467,Baltimore,Clear,47,1,,,,,,,,,,
5,467,Baltimore,Sunny,37,1,,,,,,,,,,
6,467,Baltimore,Clear,37,1,,,,,,,,,,
7,467,Baltimore,Sunny,29,1,,,,,,,,,,
8,467,Baltimore,Sunny,36,1,,,,,,,,,,
9,467,Baltimore,Clear,37,1,,,,,,,,,,
15,467,Baltimore,Clear,37,1,,,,,,,,,,
10,467,Baltimore,normal,34,1,,,,,,,,,,
11,467,Baltimore,Sunny,37,1,,,,,,,,,,
12,467,Baltimore,Sunny,37,1,,,,,,,,,,
13,467,Baltimore,Fair,28,1,,,,,,,,,,
1,483,Baltimore,Fair,,1,,,,,,,,,,
2,483,Baltimore,Fair,51,1,,,,,,,,,,
3,483,Baltimore,Clear,59,1,,,,,,,,,,
4,483,Baltimore,Clear,65,1,,,,,,,,,,
5,483,Baltimore,Clear,61,1,,,,,,,,,,
6,483,Baltimore,Clear,64,1,,,,,,,,,,
7,483,Baltimore,Clear,53,1,,,,,,,,,,
8,483,Baltimore,Clear,61,1,,,,,,,,,,
9,483,Baltimore,Winter storm watchClear,59,1,,,,,,,,,,
15,483,Baltimore,Clear,60,1,,,,,,,,,,
10,483,Baltimore,normal,51,1,,,,,,,,,,
11,483,Baltimore,Clear,61,1,,,,,,,,,,
12,483,Baltimore,Clear,61,1,,,,,,,,,,
13,496,Baltimore,Mostly Cloudy,65,1,,,,,,,,,,
13,498,Baltimore,Partly Cloudy,60,1,,,,,,,,,,
1,517,Baltimore,Partly Cloudy,,1,,,,,,,,,,
2,517,Baltimore,Fair,48,1,,,,,,,,,,
3,517,Baltimore,Scattered Clouds,56,1,,,,,,,,,,
4,517,Baltimore,Scattered Clouds,55,1,,,,,,,,,,
5,517,Baltimore,Mostly Clear,55,1,,,,,,,,,,
6,517,Baltimore,Partly Cloudy,54,1,,,,,,,,,,
7,517,Baltimore,Partly Cloudy,43,1,,,,,,,,,,
8,517,Baltimore,Mostly Clear,55,1,,,,,,,,,,
9,517,Baltimore,Partly Cloudy,54,1,,,,,,,,,,
15,517,Baltimore,Mostly Cloudy,60,1,,,,,,,,,,
10,517,Baltimore,normal,47,1,,,,,,,,,,
11,517,Baltimore,Mostly Clear,55,1,,,,,,,,,,
12,517,Baltimore,Mostly Clear,55,1,,,,,,,,,,
1,528,Baltimore,Fair,,1,,,,,,,,,,
2,528,Baltimore,Fair,74,1,,,,,,,,,,
3,528,Baltimore,Mostly Cloudy,81,1,,,,,,,,,,
4,528,Baltimore,Scattered Clouds,75,1,,,,,,,,,,
5,528,Baltimore,Intermittent Clouds,81,1,,,,,,,,,,
6,528,Baltimore,Mostly Cloudy,86,1,,,,,,,,,,
7,528,Baltimore,Partly Cloudy,69,1,,,,,,,,,,
8,528,Baltimore,Intermittent Clouds,81,1,,,,,,,,,,
9,528,Baltimore,Mostly Cloudy,86,1,,,,,,,,,,
15,528,Baltimore,Mostly Clear,81,1,,,,,,,,,,
10,528,Baltimore,normal,74,1,,,,,,,,,,
11,528,Baltimore,Some Clouds,81,1,,,,,,,,,,
1,535,Baltimore,Cloudy,,1,,,,,,,,,,
2,535,Baltimore,Fair,69,1,,,,,,,,,,
3,535,Baltimore,Haze,82,1,,,,,,,,,,
4,535,Baltimore,Haze,74,1,,,,,,,,,,
5,535,Baltimore,Cloudy,81,1,,,,,,,,,,
6,535,Baltimore,Overcast,80,1,,,,,,,,,,
7,535,Baltimore,Cloudy,66,1,,,,,,,,,,
8,535,Baltimore,Cloudy,81,1,,,,,,,,,,
9,535,Baltimore,Haze,86,1,,,,,,,,,,
15,535,Baltimore,Haze,82,1,,,,,,,,,,
10,535,Baltimore,normal,69,1,,,,,,,,,,
11,535,Baltimore,Cloudy,81,1,,,,,,,,,,
12,535,Baltimore,Cloudy,81,1,,,,,,,,,,
13,552,Baltimore,Mostly Cloudy,61,1,,,,,,,,,,
13,565,Baltimore,Overcast,75,1,,,,,,,,,,
1,600,Baltimore,Partly Cloudy,,1,,,,,,,,,,
2,600,Baltimore,Fair,81,1,,,,,,,,,,
3,600,Baltimore,Overcast,87,1,,,,,,,,,,
4,600,Baltimore,Overcast,88,1,,,,,,,,,,
5,600,Baltimore,Cloudy,88,1,,,,,,,,,,
6,600,Baltimore,Mist,87,1,,,,,,,,,,
7,600,Baltimore,Mostly Cloudy,78,1,,,,,,,,,,
8,600,Baltimore,Cloudy,86,1,,,,,,,,,,
9,600,Baltimore,Fog,86,1,,,,,,,,,,
15,600,Baltimore,Mist,86,1,,,,,,,,,,
10,600,Baltimore,normal,80,1,,,,,,,,,,
11,600,Baltimore,Cloudy,88,1,,,,,,,,,,
12,600,Baltimore,Cloudy,86,1,,,,,,,,,,
13,611,Baltimore,Light Snow,79,1,,,,,,,,,,
13,625,Baltimore,Fog/Mist,85,1,,,,,,,,,,
1,646,Boston,Fair/Windy,,1,,,,,,,,,,
2,646,Boston,Clear,44,1,,,,,,,,,,
3,646,Boston,Clear,43,1,,,,,,,,,,
4,646,Boston,Clear,44,1,,,,,,,,,,
5,646,Boston,Clear,42,1,,,,,,,,,,
6,646,Boston,Clear,44,1,,,,,,,,,,
8,646,Boston,Clear,42,1,,,,,,,,,,
15,646,Boston,Clear,42,1,,,,,,,,,,
11,646,Boston,Clear,42,1,,,,,,,,,,
12,646,Boston,Clear,42,1,,,,,,,,,,
1,649,Boston,Fair/Windy,,1,,,,,,,,,,
2,649,Boston,Clear,37,1,,,,,,,,,,
3,649,Boston,Clear,39,1,,,,,,,,,,
4,649,Boston,Clear,34,1,,,,,,,,,,
5,649,Boston,Sunny,38,1,,,,,,,,,,
6,649,Boston,Clear,37,1,,,,,,,,,,
8,649,Boston,Sunny,38,1,,,,,,,,,,
15,649,Boston,Clear,38,1,,,,,,,,,,
11,649,Boston,Sunny,38,1,,,,,,,,,,
12,649,Boston,Sunny,38,1,,,,,,,,,,
1,655,Boston,Partly Cloudy,,1,,,,,,,,,,
2,655,Boston,Partly Cloudy,27,1,,,,,,,,,,
3,655,Boston,Partly Cloudy,26,1,,,,,,,,,,
4,655,Boston,Partly Cloudy,27,1,,,,,,,,,,
5,655,Boston,Mostly Sunny,26,1,,,,,,,,,,
6,655,Boston,Partly Cloudy,27,1,,,,,,,,,,
8,655,Boston,Mostly Sunny,26,1,,,,,,,,,,
15,655,Boston,Few Clouds,26,1,,,,,,,,,,
11,655,Boston,Mostly Sunny,26,1,,,,,,,,,,
12,655,Boston,Mostly Sunny,26,1,,,,,,,,,,
1,660,Boston,Partly Cloudy,,1,,,,,,,,,,
2,660,Boston,Partly Cloudy,31,1,,,,,,,,,,
3,660,Boston,Clear,36,1,,,,,,,,,,
4,660,Boston,Clear,36,1,,,,,,,,,,
5,660,Boston,Clear,35,1,,,,,,,,,,
6,660,Boston,Clear,36,1,,,,,,,,,,
8,660,Boston,Partly Cloudy,32,1,,,,,,,,,,
15,660,Boston,Clear,35,1,,,,,,,,,,
11,660,Boston,Clear,35,1,,,,,,,,,,
12,660,Boston,Partly Cloudy,32,1,,,,,,,,,,
1,669,Boston,Cloudy,,1,,,,,,,,,,
2,669,Boston,Overcast,39,1,,,,,,,,,,
3,669,Boston,Overcast,41,1,,,,,,,,,,
4,669,Boston,Overcast,42,1,,,,,,,,,,
5,669,Boston,Cloudy,40,1,,,,,,,,,,
6,669,Boston,Overcast,39,1,,,,,,,,,,
8,669,Boston,Cloudy,40,1,,,,,,,,,,
15,669,Boston,Cloudy,40,1,,,,,,,,,,
11,669,Boston,Cloudy,40,1,,,,,,,,,,
12,669,Boston,Cloudy,40,1,,,,,,,,,,
1,671,Boston,Cloudy,,1,,,,,,,,,,
2,671,Boston,Overcast,46,1,,,,,,,,,,
3,671,Boston,Overcast,45,1,,,,,,,,,,
4,671,Boston,Overcast,46,1,,,,,,,,,,
5,671,Boston,Cloudy,44,1,,,,,,,,,,
6,671,Boston,Overcast,46,1,,,,,,,,,,
8,671,Boston,Cloudy,44,1,,,,,,,,,,
15,671,Boston,Cloudy,44,1,,,,,,,,,,
11,671,Boston,Cloudy,44,1,,,,,,,,,,
12,671,Boston,Cloudy,44,1,,,,,,,,,,
1,673,Boston,Mostly Cloudy,,1,,,,,,,,,,
2,673,Boston,Mostly Cloudy,46,1,,,,,,,,,,
3,673,Boston,Mostly Cloudy,45,1,,,,,,,,,,
4,673,Boston,Mostly Cloudy,46,1,,,,,,,,,,
5,673,Boston,Intermittent Clouds,44,1,,,,,,,,,,
6,673,Boston,Mostly Cloudy,46,1,,,,,,,,,,
8,673,Boston,Intermittent Clouds,44,1,,,,,,,,,,
15,673,Boston,Mostly Cloudy,44,1,,,,,,,,,,
11,673,Boston,Some Clouds,44,1,,,,,,,,,,
1,676,Boston,Fair,,1,,,,,,,,,,
2,676,Boston,Clear,46,1,,,,,,,,,,
3,676,Boston,Clear,48,1,,,,,,,,,,
4,676,Boston,Clear,50,1,,,,,,,,,,
5,676,Boston,Clear,48,1,,,,,,,,,,
6,676,Boston,Clear,46,1,,,,,,,,,,
8,676,Boston,Clear,48,1,,,,,,,,,,
15,676,Boston,Clear,48,1,,,,,,,,,,
11,676,Boston,Clear,48,1,,,,,,,,,,
12,676,Boston,Clear,48,1,,,,,,,,,,
1,684,Boston,Partly Cloudy,,1,,,,,,,,,,
2,684,Boston,Partly Cloudy,37,1,,,,,,,,,,
3,684,Boston,Partly Cloudy,37,1,,,,,,,,,,
4,684,Boston,Partly Cloudy,34,1,,,,,,,,,,
5,684,Boston,Partly Sunny,36,1,,,,,,,,,,
6,684,Boston,Partly Cloudy,37,1,,,,,,,,,,
8,684,Boston,Partly Sunny,36,1,,,,,,,,,,
15,684,Boston,Few Clouds,36,1,,,,,,,,,,
11,684,Boston,Partly Sunny,36,1,,,,,,,,,,
12,684,Boston,Partly Sunny,36,1,,,,,,,,,,
1,692,Boston,Partly Cloudy,,1,,,,,,,,,,
2,692,Boston,Partly Cloudy,29,1,,,,,,,,,,
3,692,Boston,Scattered Clouds,29,1,,,,,,,,,,
4,692,Boston,Scattered Clouds,29,1,,,,,,,,,,
5,692,Boston,Mostly Clear,29,1,,,,,,,,,,
6,692,Boston,Partly Cloudy,29,1,,,,,,,,,,
8,692,Boston,Mostly Clear,29,1,,,,,,,,,,
15,692,Boston,Mostly Clear,29,1,,,,,,,,,,
11,692,Boston,Mostly Clear,29,1,,,,,,,,,,
12,692,Boston,Mostly Clear,29,1,,,,,,,,,,
1,731,Boston,Fair,,1,,,,,,,,,,
2,731,Boston,Clear,31,1,,,,,,,,,,
3,731,Boston,Clear,32,1,,,,,,,,,,
4,731,Boston,Clear,31,1,,,,,,,,,,
5,731,Boston,Clear,30,1,,,,,,,,,,
6,731,Boston,Clear,31,1,,,,,,,,,,
8,731,Boston,Clear,30,1,,,,,,,,,,
15,731,Boston,Clear,32,1,,,,,,,,,,
11,731,Boston,Clear,32,1,,,,,,,,,,
12,731,Boston,Clear,30,1,,,,,,,,,,
1,734,Boston,Fair,,1,,,,,,,,,,
2,734,Boston,Clear,36,1,,,,,,,,,,
3,734,Boston,Clear,37,1,,,,,,,,,,
4,734,Boston,Clear,36,1,,,,,,,,,,
5,734,Boston,Clear,36,1,,,,,,,,,,
6,734,Boston,Clear,36,1,,,,,,,,,,
8,734,Boston,Clear,33,1,,,,,,,,,,
15,734,Boston,Clear,36,1,,,,,,,,,,
11,734,Boston,Clear,36,1,,,,,,,,,,
12,734,Boston,Clear,36,1,,,,,,,,,,
1,746,Boston,Mostly Cloudy,,1,,,,,,,,,,
2,746,Boston,Mostly Cloudy,40,1,,,,,,,,,,
3,746,Boston,Scattered Clouds,41,1,,,,,,,,,,
4,746,Boston,Scattered Clouds,40,1,,,,,,,,,,
5,746,Boston,Partly Sunny,40,1,,,,,,,,,,
6,746,Boston,Partly Cloudy,41,1,,,,,,,,,,
8,746,Boston,Intermittent Clouds,42,1,,,,,,,,,,
15,746,Boston,Mostly Clear,40,1,,,,,,,,,,
11,746,Boston,Partly Sunny,40,1,,,,,,,,,,
1,756,Boston,Cloudy,,1,,,,,,,,,,
2,756,Boston,Overcast,38,1,,,,,,,,,,
3,756,Boston,Overcast,38,1,,,,,,,,,,
4,756,Boston,Overcast,38,1,,,,,,,,,,
5,756,Boston,Cloudy,38,1,,,,,,,,,,
6,756,Boston,Overcast,38,1,,,,,,,,,,
8,756,Boston,Cloudy,36,1,,,,,,,,,,
15,756,Boston,Cloudy,38,1,,,,,,,,,,
12,756,Boston,Cloudy,38,1,,,,,,,,,,
1,768,Boston,Cloudy,,1,,,,,,,,,,
2,768,Boston,Overcast,45,1,,,,,,,,,,
3,768,Boston,Overcast,45,1,,,,,,,,,,
4,768,Boston,Overcast,44,1,,,,,,,,,,
5,768,Boston,Cloudy,44,1,,,,,,,,,,
6,768,Boston,Overcast,45,1,,,,,,,,,,
8,768,Boston,Cloudy,47,1,,,,,,,,,,
15,768,Boston,Cloudy,45,1,,,,,,,,,,
11,768,Boston,Cloudy,44,1,,,,,,,,,,
12,768,Boston,Cloudy,44,1,,,,,,,,,,
1,774,Boston,Partly Cloudy,,1,,,,,,,,,,
2,774,Boston,Partly Cloudy,40,1,,,,,,,,,,
3,774,Boston,Scattered Clouds,39,1,,,,,,,,,,
4,774,Boston,Scattered Clouds,40,1,,,,,,,,,,
5,774,Boston,Partly Sunny,38,1,,,,,,,,,,
6,774,Boston,Partly Cloudy,40,1,,,,,,,,,,
8,774,Boston,Partly Sunny,38,1,,,,,,,,,,
15,774,Boston,Mostly Clear,38,1,,,,,,,,,,
11,774,Boston,Partly Sunny,38,1,,,,,,,,,,
12,774,Boston,Partly Sunny,38,1,,,,,,,,,,
1,776,Boston,Partly Cloudy,,1,,,,,,,,,,
2,776,Boston,Partly Cloudy,34,1,,,,,,,,,,
3,776,Boston,Scattered Clouds,36,1,,,,,,,,,,
4,776,Boston,Scattered Clouds,34,1,,,,,,,,,,
5,776,Boston,Partly Sunny,35,1,,,,,,,,,,
6,776,Boston,Partly Cloudy,40,1,,,,,,,,,,
8,776,Boston,Partly Sunny,38,1,,,,,,,,,,
15,776,Boston,Mostly Clear,35,1,,,,,,,,,,
11,776,Boston,Partly Sunny,35,1,,,,,,,,,,
12,776,Boston,Partly Sunny,35,1,,,,,,,,,,
1,789,Boston,Cloudy,,1,,,,,,,,,,
2,789,Boston,Overcast,60,1,,,,,,,,,,
3,789,Boston,Overcast,59,1,,,,,,,,,,
4,789,Boston,Overcast,55,1,,,,,,,,,,
5,789,Boston,Cloudy,58,1,,,,,,,,,,
6,789,Boston,Overcast,60,1,,,,,,,,,,
8,789,Boston,Cloudy,58,1,,,,,,,,,,
15,789,Boston,Cloudy,56,1,,,,,,,,,,
11,789,Boston,Cloudy,58,1,,,,,,,,,,
12,789,Boston,Cloudy,58,1,,,,,,,,,,
1,791,Boston,Cloudy,,1,,,,,,,,,,
2,791,Boston,Overcast,55,1,,,,,,,,,,
3,791,Boston,Overcast,56,1,,,,,,,,,,
4,791,Boston,Overcast,55,1,,,,,,,,,,
5,791,Boston,Cloudy,56,1,,,,,,,,,,
6,791,Boston,Overcast,55,1,,,,,,,,,,
8,791,Boston,Cloudy,56,1,,,,,,,,,,
15,791,Boston,Cloudy,56,1,,,,,,,,,,
11,791,Boston,Cloudy,56,1,,,,,,,,,,
12,791,Boston,Cloudy,56,1,,,,,,,,,,
1,798,Boston,Fair,,1,,,,,,,,,,
2,798,Boston,Clear,64,1,,,,,,,,,,
3,798,Boston,Clear,63,1,,,,,,,,,,
4,798,Boston,Clear,64,1,,,,,,,,,,
5,798,Boston,Clear,63,1,,,,,,,,,,
6,798,Boston,Clear,64,1,,,,,,,,,,
8,798,Boston,Clear,61,1,,,,,,,,,,
15,798,Boston,Clear,63,1,,,,,,,,,,
11,798,Boston,Clear,63,1,,,,,,,,,,
12,798,Boston,Clear,63,1,,,,,,,,,,
1,801,Boston,Fair,,1,,,,,,,,,,
2,801,Boston,Clear,64,1,,,,,,,,,,
3,801,Boston,Clear,66,1,,,,,,,,,,
4,801,Boston,Clear,63,1,,,,,,,,,,
5,801,Boston,Clear,65,1,,,,,,,,,,
6,801,Boston,Clear,64,1,,,,,,,,,,
8,801,Boston,Clear,63,1,,,,,,,,,,
15,801,Boston,Clear,65,1,,,,,,,,,,
11,801,Boston,Clear,65,1,,,,,,,,,,
12,801,Boston,Clear,65,1,,,,,,,,,,
1,831,Boston,Partly Cloudy,,1,,,,,,,,,,
2,831,Boston,Partly Cloudy,60,1,,,,,,,,,,
3,831,Boston,Scattered Clouds,59,1,,,,,,,,,,
4,831,Boston,Scattered Clouds,59,1,,,,,,,,,,
5,831,Boston,Partly Sunny,58,1,,,,,,,,,,
6,831,Boston,Partly Cloudy,60,1,,,,,,,,,,
8,831,Boston,Partly Sunny,58,1,,,,,,,,,,
15,831,Boston,Mostly Clear,58,1,,,,,,,,,,
11,831,Boston,Partly Sunny,58,1,,,,,,,,,,
12,831,Boston,Partly Sunny,58,1,,,,,,,,,,
1,831,Boston,Partly Cloudy,,1,,,,,,,,,,
2,831,Boston,Partly Cloudy,60,1,,,,,,,,,,
3,831,Boston,Scattered Clouds,59,1,,,,,,,,,,
4,831,Boston,Scattered Clouds,59,1,,,,,,,,,,
5,831,Boston,Partly Sunny,58,1,,,,,,,,,,
6,831,Boston,Partly Cloudy,60,1,,,,,,,,,,
1,837,Boston,Partly Cloudy,,1,,,,,,,,,,
2,837,Boston,Partly Cloudy,31,1,,,,,,,,,,
3,837,Boston,Partly Cloudy,32,1,,,,,,,,,,
4,837,Boston,Partly Cloudy,33,1,,,,,,,,,,
5,837,Boston,Mostly Clear,31,1,,,,,,,,,,
6,837,Boston,Partly Cloudy,31,1,,,,,,,,,,
8,837,Boston,Mostly Clear,31,1,,,,,,,,,,
15,837,Boston,Few Clouds,35,1,,,,,,,,,,
11,837,Boston,Mostly Clear,31,1,,,,,,,,,,
12,837,Boston,Mostly Clear,31,1,,,,,,,,,,
1,843,Boston,Partly Cloudy,,1,,,,,,,,,,
2,843,Boston,Overcast,46,1,,,,,,,,,,
3,843,Boston,Overcast,45,1,,,,,,,,,,
4,843,Boston,Overcast,46,1,,,,,,,,,,
5,843,Boston,Cloudy,44,1,,,,,,,,,,
6,843,Boston,Overcast,46,1,,,,,,,,,,
8,843,Boston,Partly Cloudy,42,1,,,,,,,,,,
15,843,Boston,Cloudy,44,1,,,,,,,,,,
11,843,Boston,Cloudy,44,1,,,,,,,,,,
12,843,Boston,Cloudy,44,1,,,,,,,,,,
1,848,Boston,Partly Cloudy,,1,,,,,,,,,,
2,848,Boston,Partly Cloudy,46,1,,,,,,,,,,
3,848,Boston,Partly Cloudy,49,1,,,,,,,,,,
4,848,Boston,Partly Cloudy,50,1,,,,,,,,,,
5,848,Boston,Partly Cloudy,48,1,,,,,,,,,,
6,848,Boston,Partly Cloudy,46,1,,,,,,,,,,
8,848,Boston,Partly Cloudy,48,1,,,,,,,,,,
15,848,Boston,Few Clouds,50,1,,,,,,,,,,
11,848,Boston,Partly Cloudy,48,1,,,,,,,,,,
12,848,Boston,Partly Cloudy,48,1,,,,,,,,,,
1,852,Boston,Partly Cloudy,,1,,,,,,,,,,
2,852,Boston,Partly Cloudy,54,1,,,,,,,,,,
3,852,Boston,Partly Cloudy,55,1,,,,,,,,,,
4,852,Boston,Partly Cloudy,54,1,,,,,,,,,,
5,852,Boston,Partly Cloudy,54,1,,,,,,,,,,
6,852,Boston,Partly Cloudy,54,1,,,,,,,,,,
8,852,Boston,Partly Cloudy,54,1,,,,,,,,,,
15,852,Boston,Mostly Clear,55,1,,,,,,,,,,
11,852,Boston,Partly Cloudy,54,1,,,,,,,,,,
12,852,Boston,Partly Cloudy,54,1,,,,,,,,,,
1,859,Boston,Mostly Cloudy,,1,,,,,,,,,,
2,859,Boston,Overcast,43,1,,,,,,,,,,
3,859,Boston,Overcast,41,1,,,,,,,,,,
4,859,Boston,Overcast,40,1,,,,,,,,,,
5,859,Boston,Cloudy,41,1,,,,,,,,,,
6,859,Boston,Mostly Cloudy,43,1,,,,,,,,,,
8,859,Boston,Intermittent Clouds,41,1,,,,,,,,,,
15,859,Boston,Cloudy,41,1,,,,,,,,,,
11,859,Boston,Cloudy,41,1,,,,,,,,,,
12,859,Boston,Cloudy,41,1,,,,,,,,,,
1,908,Boston,Cloudy,,1,,,,,,,,,,
2,908,Boston,Overcast,69,1,,,,,,,,,,
3,908,Boston,Overcast,66,1,,,,,,,,,,
4,908,Boston,Overcast,63,1,,,,,,,,,,
5,908,Boston,Cloudy,66,1,,,,,,,,,,
6,908,Boston,Overcast,69,1,,,,,,,,,,
8,908,Boston,Cloudy,63,1,,,,,,,,,,
15,908,Boston,Cloudy,66,1,,,,,,,,,,
11,908,Boston,Cloudy,66,1,,,,,,,,,,
12,908,Boston,Cloudy,66,1,,,,,,,,,,
1,961,Charlotte,Fair,,1,,,,,,,,,,
2,961,Charlotte,Clear,49,1,,,,,,,,,,
3,961,Charlotte,Overcast,51,1,,,,,,,,,,
4,961,Charlotte,Overcast,62,1,,,,,,,,,,
5,961,Charlotte,Cloudy,50,1,,,,,,,,,,
6,961,Charlotte,Clear,70,1,,,,,,,,,,
7,961,Charlotte,Mostly Cloudy,48,1,,,,,,,,,,
14,961,Charlotte,Cloudy,51,1,,,,,,,,,,
8,961,Charlotte,Cloudy,50,1,,,,,,,,,,
9,961,Charlotte,Winter storm warningClear,49,1,,,,,,,,,,
15,961,Charlotte,Clear,50,1,,,,,,,,,,
10,961,Charlotte,clear sky,45,1,,,,,,,,,,
11,961,Charlotte,Cloudy,50,1,,,,,,,,,,
12,961,Charlotte,Cloudy,50,1,,,,,,,,,,
1,965,Charlotte,Partly Cloudy,,1,,,,,,,,,,
2,965,Charlotte,Partly Cloudy,41,1,,,,,,,,,,
3,965,Charlotte,Scattered Clouds,41,1,,,,,,,,,,
4,965,Charlotte,Scattered Clouds,55,1,,,,,,,,,,
5,965,Charlotte,Partly Cloudy,40,1,,,,,,,,,,
6,965,Charlotte,Partly Cloudy,61,1,,,,,,,,,,
7,965,Charlotte,Partly Cloudy,44,1,,,,,,,,,,
14,965,Charlotte,Mostly Clear,43,1,,,,,,,,,,
8,965,Charlotte,Cloudy,41,1,,,,,,,,,,
9,965,Charlotte,Winter storm warningPartly Cloudy,41,1,,,,,,,,,,
15,965,Charlotte,Mostly Clear,40,1,,,,,,,,,,
10,965,Charlotte,clear sky,44,1,,,,,,,,,,
11,965,Charlotte,Partly Cloudy,40,1,,,,,,,,,,
12,965,Charlotte,Partly Cloudy,40,1,,,,,,,,,,
1,997,Charlotte,Partly Cloudy,,1,,,,,,,,,,
2,997,Charlotte,Fog And Mist,93,1,,,,,,,,,,
3,997,Charlotte,Scattered Clouds,96,1,,,,,,,,,,
4,997,Charlotte,Scattered Clouds,81,1,,,,,,,,,,
5,997,Charlotte,Partly Cloudy,95,1,,,,,,,,,,
6,997,Charlotte,Mist,81,1,,,,,,,,,,
7,997,Charlotte,Partly Cloudy,90,1,,,,,,,,,,
14,997,Charlotte,Mostly Clear,85,1,,,,,,,,,,
8,997,Charlotte,Partly Cloudy,91,1,,,,,,,,,,
9,997,Charlotte,Special weather statementFog,93,1,,,,,,,,,,
15,997,Charlotte,Mist,96,1,,,,,,,,,,
10,997,Charlotte,clear sky,86,1,,,,,,,,,,
11,997,Charlotte,Partly Cloudy,95,1,,,,,,,,,,
12,997,Charlotte,Partly Cloudy,95,1,,,,,,,,,,
1,1000,Charlotte,Mostly Cloudy,,1,,,,,,,,,,
2,1000,Charlotte,Fog And Mist,100,1,,,,,,,,,,
3,1000,Charlotte,Mostly Cloudy,100,1,,,,,,,,,,
4,1000,Charlotte,Mostly Cloudy,84,1,,,,,,,,,,
5,1000,Charlotte,Intermittent Clouds,100,1,,,,,,,,,,
6,1000,Charlotte,Mist,84,1,,,,,,,,,,
7,1000,Charlotte,Partly Cloudy,92,1,,,,,,,,,,
14,1000,Charlotte,Mostly Cloudy,90,1,,,,,,,,,,
8,1000,Charlotte,Intermittent Clouds,100,1,,,,,,,,,,
9,1000,Charlotte,Fog,100,1,,,,,,,,,,
15,1000,Charlotte,Mist,100,1,,,,,,,,,,
10,1000,Charlotte,clear sky,86,1,,,,,,,,,,
11,1000,Charlotte,Clouds And Sun,100,1,,,,,,,,,,
1,1001,Charlotte,Mostly Cloudy,,1,,,,,,,,,,
2,1001,Charlotte,Mostly Cloudy,93,1,,,,,,,,,,
3,1001,Charlotte,Mostly Cloudy,92,1,,,,,,,,,,
4,1001,Charlotte,Mostly Cloudy,81,1,,,,,,,,,,
5,1001,Charlotte,Intermittent Clouds,92,1,,,,,,,,,,
6,1001,Charlotte,Mostly Cloudy,81,1,,,,,,,,,,
7,1001,Charlotte,Partly Cloudy,91,1,,,,,,,,,,
14,1001,Charlotte,Mostly Cloudy,100,1,,,,,,,,,,
8,1001,Charlotte,Intermittent Clouds,100,1,,,,,,,,,,
9,1001,Charlotte,Mostly Cloudy,93,1,,,,,,,,,,
15,1001,Charlotte,Mostly Cloudy,92,1,,,,,,,,,,
10,1001,Charlotte,clear sky,93,1,,,,,,,,,,
11,1001,Charlotte,Clouds And Sun,92,1,,,,,,,,,,
1,1011,Charlotte,Partly Cloudy,,1,,,,,,,,,,
2,1011,Charlotte,Partly Cloudy,46,1,,,,,,,,,,
3,1011,Charlotte,Partly Cloudy,44,1,,,,,,,,,,
4,1011,Charlotte,Partly Cloudy,59,1,,,,,,,,,,
5,1011,Charlotte,Mostly Sunny,43,1,,,,,,,,,,
6,1011,Charlotte,Partly Cloudy,58,1,,,,,,,,,,
7,1011,Charlotte,Mostly Sunny,45,1,,,,,,,,,,
14,1011,Charlotte,Partly Cloudy,34,1,,,,,,,,,,
8,1011,Charlotte,Mostly Sunny,43,1,,,,,,,,,,
9,1011,Charlotte,Freezing Rain AdvisoryMostly Sunny,45,1,,,,,,,,,,
15,1011,Charlotte,Few Clouds,43,1,,,,,,,,,,
10,1011,Charlotte,clear sky,34,1,,,,,,,,,,
11,1011,Charlotte,Mostly Sunny,43,1,,,,,,,,,,
12,1011,Charlotte,Mostly Sunny,43,1,,,,,,,,,,
1,1074,Charlotte,Cloudy,,1,,,,,,,,,,
2,1074,Charlotte,Overcast,80,1,,,,,,,,,,
3,1074,Charlotte,Overcast,81,1,,,,,,,,,,
4,1074,Charlotte,Overcast,88,1,,,,,,,,,,
5,1074,Charlotte,Cloudy,81,1,,,,,,,,,,
6,1074,Charlotte,Overcast,80,1,,,,,,,,,,
7,1074,Charlotte,Cloudy,73,1,,,,,,,,,,
14,1074,Charlotte,Cloudy,77,1,,,,,,,,,,
8,1074,Charlotte,Cloudy,81,1,,,,,,,,,,
9,1074,Charlotte,Winter Weather AdvisoryCloudy,80,1,,,,,,,,,,
15,1074,Charlotte,Cloudy,81,1,,,,,,,,,,
10,1074,Charlotte,mostly cloudy,80,1,,,,,,,,,,
11,1074,Charlotte,Cloudy,81,1,,,,,,,,,,
12,1074,Charlotte,Cloudy,81,1,,,,,,,,,,
1,1080,Charlotte,Cloudy,,1,,,,,,,,,,
2,1080,Charlotte,Overcast,80,1,,,,,,,,,,
3,1080,Charlotte,Overcast,78,1,,,,,,,,,,
4,1080,Charlotte,Overcast,83,1,,,,,,,,,,
5,1080,Charlotte,Cloudy,77,1,,,,,,,,,,
6,1080,Charlotte,Overcast,80,1,,,,,,,,,,
7,1080,Charlotte,Cloudy,72,1,,,,,,,,,,
14,1080,Charlotte,Cloudy,69,1,,,,,,,,,,
8,1080,Charlotte,Cloudy,74,1,,,,,,,,,,
9,1080,Charlotte,Winter Weather AdvisoryCloudy,80,1,,,,,,,,,,
15,1080,Charlotte,Cloudy,78,1,,,,,,,,,,
10,1080,Charlotte,mostly cloudy,86,1,,,,,,,,,,
11,1080,Charlotte,Cloudy,77,1,,,,,,,,,,
12,1080,Charlotte,Cloudy,77,1,,,,,,,,,,
1,1083,Charlotte,Partly Cloudy,,1,,,,,,,,,,
2,1083,Charlotte,Partly Cloudy,74,1,,,,,,,,,,
3,1083,Charlotte,Scattered Clouds,74,1,,,,,,,,,,
4,1083,Charlotte,Scattered Clouds,82,1,,,,,,,,,,
5,1083,Charlotte,Partly Cloudy,74,1,,,,,,,,,,
6,1083,Charlotte,Partly Cloudy,80,1,,,,,,,,,,
7,1083,Charlotte,Mostly Cloudy,66,1,,,,,,,,,,
14,1083,Charlotte,Cloudy,66,1,,,,,,,,,,
8,1083,Charlotte,Cloudy,71,1,,,,,,,,,,
9,1083,Charlotte,Weather WarningsPartly Cloudy,74,1,,,,,,,,,,
15,1083,Charlotte,Mostly Clear,74,1,,,,,,,,,,
10,1083,Charlotte,mostly cloudy,86,1,,,,,,,,,,
11,1083,Charlotte,Partly Cloudy,74,1,,,,,,,,,,
12,1083,Charlotte,Partly Cloudy,74,1,,,,,,,,,,
1,1084,Charlotte,Partly Cloudy,,1,,,,,,,,,,
2,1084,Charlotte,Partly Cloudy,80,1,,,,,,,,,,
3,1084,Charlotte,Partly Cloudy,78,1,,,,,,,,,,
4,1084,Charlotte,Partly Cloudy,83,1,,,,,,,,,,
5,1084,Charlotte,Partly Cloudy,77,1,,,,,,,,,,
6,1084,Charlotte,Partly Cloudy,81,1,,,,,,,,,,
7,1084,Charlotte,Partly Cloudy,72,1,,,,,,,,,,
14,1084,Charlotte,Cloudy,66,1,,,,,,,,,,
8,1084,Charlotte,Partly Cloudy,74,1,,,,,,,,,,
9,1084,Charlotte,Weather WarningsMostly Sunny,79,1,,,,,,,,,,
15,1084,Charlotte,Few Clouds,78,1,,,,,,,,,,
10,1084,Charlotte,mostly cloudy,79,1,,,,,,,,,,
11,1084,Charlotte,Partly Cloudy,77,1,,,,,,,,,,
12,1084,Charlotte,Partly Cloudy,77,1,,,,,,,,,,
1,1086,Charlotte,Partly Cloudy,,1,,,,,,,,,,
2,1086,Charlotte,Partly Cloudy,80,1,,,,,,,,,,
3,1086,Charlotte,Partly Cloudy,81,1,,,,,,,,,,
4,1086,Charlotte,Partly Cloudy,86,1,,,,,,,,,,
5,1086,Charlotte,Partly Cloudy,80,1,,,,,,,,,,
6,1086,Charlotte,Partly Cloudy,81,1,,,,,,,,,,
7,1086,Charlotte,Partly Cloudy,77,1,,,,,,,,,,
14,1086,Charlotte,Partly Cloudy,73,1,,,,,,,,,,
8,1086,Charlotte,Partly Cloudy,80,1,,,,,,,,,,
9,1086,Charlotte,Winter Weather AdvisoryMostly Sunny,79,1,,,,,,,,,,
15,1086,Charlotte,Few Clouds,81,1,,,,,,,,,,
10,1086,Charlotte,mostly cloudy,73,1,,,,,,,,,,
11,1086,Charlotte,Partly Cloudy,80,1,,,,,,,,,,
12,1086,Charlotte,Partly Cloudy,80,1,,,,,,,,,,
1,1107,Charlotte,Fair,,1,,,,,,,,,,
2,1107,Charlotte,Clear,47,1,,,,,,,,,,
3,1107,Charlotte,Partly Cloudy,56,1,,,,,,,,,,
4,1107,Charlotte,Partly Cloudy,69,1,,,,,,,,,,
5,1107,Charlotte,Mostly Clear,55,1,,,,,,,,,,
6,1107,Charlotte,Partly Cloudy,69,1,,,,,,,,,,
7,1107,Charlotte,Mostly Clear,57,1,,,,,,,,,,
14,1107,Charlotte,Mostly Sunny,48,1,,,,,,,,,,
8,1107,Charlotte,Sunny,47,1,,,,,,,,,,
9,1107,Charlotte,Mostly Sunny,57,1,,,,,,,,,,
15,1107,Charlotte,Few Clouds,56,1,,,,,,,,,,
10,1107,Charlotte,clear sky,47,1,,,,,,,,,,
11,1107,Charlotte,Mostly Clear,55,1,,,,,,,,,,
12,1107,Charlotte,Mostly Clear,55,1,,,,,,,,,,
1,1113,Charlotte,Fair,,1,,,,,,,,,,
2,1113,Charlotte,Clear,70,1,,,,,,,,,,
3,1113,Charlotte,Clear,70,1,,,,,,,,,,
4,1113,Charlotte,Clear,80,1,,,,,,,,,,
5,1113,Charlotte,Clear,70,1,,,,,,,,,,
6,1113,Charlotte,Clear,82,1,,,,,,,,,,
7,1113,Charlotte,Clear,70,1,,,,,,,,,,
14,1113,Charlotte,Mostly Clear,58,1,,,,,,,,,,
8,1113,Charlotte,Clear,70,1,,,,,,,,,,
9,1113,Charlotte,Clear,70,1,,,,,,,,,,
15,1113,Charlotte,Clear,70,1,,,,,,,,,,
10,1113,Charlotte,clear sky,87,1,,,,,,,,,,
11,1113,Charlotte,Clear,70,1,,,,,,,,,,
12,1113,Charlotte,Clear,70,1,,,,,,,,,,
1,1152,Charlotte,Mostly Cloudy,,1,,,,,,,,,,
2,1152,Charlotte,Mostly Cloudy,70,1,,,,,,,,,,
3,1152,Charlotte,Mostly Cloudy,68,1,,,,,,,,,,
4,1152,Charlotte,Mostly Cloudy,60,1,,,,,,,,,,
5,1152,Charlotte,Intermittent Clouds,67,1,,,,,,,,,,
6,1152,Charlotte,Mostly Cloudy,68,1,,,,,,,,,,
7,1152,Charlotte,Partly Cloudy,57,1,,,,,,,,,,
14,1152,Charlotte,Partly Cloudy,82,1,,,,,,,,,,
8,1152,Charlotte,Intermittent Clouds,67,1,,,,,,,,,,
9,1152,Charlotte,Winter storm watchMostly Cloudy,70,1,,,,,,,,,,
15,1152,Charlotte,Mostly Cloudy,67,1,,,,,,,,,,
10,1152,Charlotte,clear sky,56,1,,,,,,,,,,
11,1152,Charlotte,Clouds And Sun,67,1,,,,,,,,,,
1,1152,Charlotte,Mostly Cloudy,,1,,,,,,,,,,
2,1152,Charlotte,Mostly Cloudy,70,1,,,,,,,,,,
3,1152,Charlotte,Mostly Cloudy,50,1,,,,,,,,,,
4,1152,Charlotte,Mostly Cloudy,57,1,,,,,,,,,,
1,1154,Charlotte,Partly Cloudy,,1,,,,,,,,,,
2,1154,Charlotte,Partly Cloudy,49,1,,,,,,,,,,
3,1154,Charlotte,Partly Cloudy,49,1,,,,,,,,,,
4,1154,Charlotte,Partly Cloudy,65,1,,,,,,,,,,
5,1154,Charlotte,Mostly Clear,48,1,,,,,,,,,,
6,1154,Charlotte,Partly Cloudy,63,1,,,,,,,,,,
7,1154,Charlotte,Mostly Clear,49,1,,,,,,,,,,
14,1154,Charlotte,Partly Cloudy,44,1,,,,,,,,,,
8,1154,Charlotte,Mostly Sunny,43,1,,,,,,,,,,
9,1154,Charlotte,Freezing Rain AdvisoryMostly Sunny,49,1,,,,,,,,,,
15,1154,Charlotte,Few Clouds,49,1,,,,,,,,,,
10,1154,Charlotte,clear sky,34,1,,,,,,,,,,
11,1154,Charlotte,Mostly Clear,48,1,,,,,,,,,,
12,1154,Charlotte,Mostly Clear,48,1,,,,,,,,,,
1,1166,Charlotte,Cloudy,,1,,,,,,,,,,
2,1166,Charlotte,Overcast,70,1,,,,,,,,,,
3,1166,Charlotte,Overcast,70,1,,,,,,,,,,
4,1166,Charlotte,Overcast,81,1,,,,,,,,,,
5,1166,Charlotte,Cloudy,69,1,,,,,,,,,,
6,1166,Charlotte,Overcast,81,1,,,,,,,,,,
7,1166,Charlotte,Cloudy,72,1,,,,,,,,,,
14,1166,Charlotte,Cloudy,70,1,,,,,,,,,,
8,1166,Charlotte,Cloudy,69,1,,,,,,,,,,
9,1166,Charlotte,Weather WarningsCloudy,69,1,,,,,,,,,,
15,1166,Charlotte,Cloudy,69,1,,,,,,,,,,
10,1166,Charlotte,mostly cloudy,60,1,,,,,,,,,,
11,1166,Charlotte,Cloudy,69,1,,,,,,,,,,
12,1166,Charlotte,Cloudy,69,1,,,,,,,,,,
1,1183,Charlotte,Light Drizzle,,1,,,,,,,,,,
2,1183,Charlotte,Drizzle,93,1,,,,,,,,,,
3,1183,Charlotte,Light Drizzle,93,1,,,,,,,,,,
4,1183,Charlotte,Light Drizzle Mist,96,1,,,,,,,,,,
5,1183,Charlotte,Showers,92,1,,,,,,,,,,
6,1183,Charlotte,Drizzle,86,1,,,,,,,,,,
7,1183,Charlotte,Cloudy,90,1,,,,,,,,,,
14,1183,Charlotte,Drizzle,97,1,,,,,,,,,,
8,1183,Charlotte,Showers,96,1,,,,,,,,,,
9,1183,Charlotte,Short term forecastRain,93,1,,,,,,,,,,
10,1183,Charlotte,mostly cloudy,93,1,,,,,,,,,,
11,1183,Charlotte,Mist,92,1,,,,,,,,,,
12,1183,Charlotte,Mist,92,1,,,,,,,,,,
1,1224,Charlotte,Fog,,1,,,,,,,,,,
2,1224,Charlotte,Fog And Mist,93,1,,,,,,,,,,
3,1224,Charlotte,Overcast,96,1,,,,,,,,,,
4,1224,Charlotte,Overcast,97,1,,,,,,,,,,
5,1224,Charlotte,Fog,95,1,,,,,,,,,,
6,1224,Charlotte,Mist,87,1,,,,,,,,,,
7,1224,Charlotte,Cloudy,92,1,,,,,,,,,,
14,1224,Charlotte,Foggy,96,1,,,,,,,,,,
8,1224,Charlotte,Fog,95,1,,,,,,,,,,
9,1224,Charlotte,Special weather statementFog,93,1,,,,,,,,,,
15,1224,Charlotte,Mist,96,1,,,,,,,,,,
10,1224,Charlotte,mostly cloudy,93,1,,,,,,,,,,
11,1224,Charlotte,Light Fog,95,1,,,,,,,,,,
12,1224,Charlotte,Light Fog,95,1,,,,,,,,,,
1,1226,Charlotte,Fog,,1,,,,,,,,,,
2,1226,Charlotte,Fog And Mist,93,1,,,,,,,,,,
3,1226,Charlotte,Overcast,93,1,,,,,,,,,,
4,1226,Charlotte,Overcast,97,1,,,,,,,,,,
5,1226,Charlotte,Fog,95,1,,,,,,,,,,
6,1226,Charlotte,Mist,88,1,,,,,,,,,,
7,1226,Charlotte,Cloudy,92,1,,,,,,,,,,
14,1226,Charlotte,Foggy,96,1,,,,,,,,,,
8,1226,Charlotte,Fog,95,1,,,,,,,,,,
9,1226,Charlotte,Special weather statementFog,93,1,,,,,,,,,,
15,1226,Charlotte,Mist,93,1,,,,,,,,,,
10,1226,Charlotte,mostly cloudy,93,1,,,,,,,,,,
11,1226,Charlotte,Light Fog,95,1,,,,,,,,,,
12,1226,Charlotte,Light Fog,95,1,,,,,,,,,,
1,1234,Charlotte,Fog,,1,,,,,,,,,,
2,1234,Charlotte,Fog,100,1,,,,,,,,,,
3,1234,Charlotte,Fog,100,1,,,,,,,,,,
4,1234,Charlotte,Fog,98,1,,,,,,,,,,
5,1234,Charlotte,Fog,100,1,,,,,,,,,,
6,1234,Charlotte,Fog,88,1,,,,,,,,,,
7,1234,Charlotte,Fog,98,1,,,,,,,,,,
14,1234,Charlotte,Foggy,97,1,,,,,,,,,,
8,1234,Charlotte,Fog,100,1,,,,,,,,,,
9,1234,Charlotte,Special weather statementFog,100,1,,,,,,,,,,
15,1234,Charlotte,Fog,100,1,,,,,,,,,,
10,1234,Charlotte,mostly cloudy,100,1,,,,,,,,,,
11,1234,Charlotte,Dense Fog,100,1,,,,,,,,,,
12,1234,Charlotte,Dense Fog,100,1,,,,,,,,,,
1,1237,Charlotte,Fog,,1,,,,,,,,,,
2,1237,Charlotte,Fog,100,1,,,,,,,,,,
3,1237,Charlotte,Fog,100,1,,,,,,,,,,
4,1237,Charlotte,Fog,98,1,,,,,,,,,,
5,1237,Charlotte,Fog,100,1,,,,,,,,,,
6,1237,Charlotte,Fog,88,1,,,,,,,,,,
7,1237,Charlotte,Fog,95,1,,,,,,,,,,
14,1237,Charlotte,Foggy,100,1,,,,,,,,,,
8,1237,Charlotte,Fog,100,1,,,,,,,,,,
9,1237,Charlotte,Weather WarningsFog,100,1,,,,,,,,,,
15,1237,Charlotte,Fog,100,1,,,,,,,,,,
10,1237,Charlotte,mostly cloudy,93,1,,,,,,,,,,
11,1237,Charlotte,Dense Fog,100,1,,,,,,,,,,
12,1237,Charlotte,Dense Fog,100,1,,,,,,,,,,
1,1239,Charlotte,Fog,,1,,,,,,,,,,
2,1239,Charlotte,Fog,100,1,,,,,,,,,,
3,1239,Charlotte,Fog,100,1,,,,,,,,,,
4,1239,Charlotte,Fog,98,1,,,,,,,,,,
5,1239,Charlotte,Fog,100,1,,,,,,,,,,
6,1239,Charlotte,Fog,87,1,,,,,,,,,,
7,1239,Charlotte,Fog,94,1,,,,,,,,,,
14,1239,Charlotte,Foggy,100,1,,,,,,,,,,
8,1239,Charlotte,Fog,100,1,,,,,,,,,,
9,1239,Charlotte,Fog,100,1,,,,,,,,,,
15,1239,Charlotte,Fog,100,1,,,,,,,,,,
10,1239,Charlotte,mostly cloudy,100,1,,,,,,,,,,
11,1239,Charlotte,Dense Fog,100,1,,,,,,,,,,
12,1239,Charlotte,Dense Fog,100,1,,,,,,,,,,
1,1240,Charlotte,Fog,,1,,,,,,,,,,
2,1240,Charlotte,Fog And Mist,93,1,,,,,,,,,,
3,1240,Charlotte,Overcast,96,1,,,,,,,,,,
4,1240,Charlotte,Overcast,98,1,,,,,,,,,,
5,1240,Charlotte,Fog,95,1,,,,,,,,,,
6,1240,Charlotte,Mist,87,1,,,,,,,,,,
7,1240,Charlotte,Fog,93,1,,,,,,,,,,
14,1240,Charlotte,Foggy,100,1,,,,,,,,,,
8,1240,Charlotte,Fog,100,1,,,,,,,,,,
9,1240,Charlotte,Fog,100,1,,,,,,,,,,
15,1240,Charlotte,Mist,100,1,,,,,,,,,,
10,1240,Charlotte,mostly cloudy,100,1,,,,,,,,,,
11,1240,Charlotte,Light Fog,100,1,,,,,,,,,,
12,1240,Charlotte,Foggy,95,1,,,,,,,,,,
1,1286,Chicago,Cloudy,,1,,,,,,,,,,
2,1286,Chicago,Mostly Cloudy,60,1,,,,,,,,,,
3,1286,Chicago,Mostly Cloudy,61,1,,,,,,,,,,
4,1286,Chicago,Mostly Cloudy,56,1,,,,,,,,,,
5,1286,Chicago,Intermittent Clouds,57,1,,,,,,,,,,
6,1286,Chicago,Mostly Cloudy,60,1,,,,,,,,,,
7,1286,Chicago,Mostly Cloudy,47,1,,,,,,,,,,
14,1286,Chicago,Cloudy,45,1,,,,,,,,,,
8,1286,Chicago,Cloudy,57,1,,,,,,,,,,
9,1286,Chicago,Mostly Cloudy,61,1,,,,,,,,,,
15,1286,Chicago,Mostly Cloudy,60,1,,,,,,,,,,
10,1286,Chicago,mostly cloudy,51,1,,,,,,,,,,
11,1286,Chicago,Some Clouds,57,1,,,,,,,,,,
13,1286,Chicago,Mostly Cloudy,60,1,,,,,,,,,,
1,1288,Chicago,Mostly Cloudy,,1,,,,,,,,,,
2,1288,Chicago,Mostly Cloudy,56,1,,,,,,,,,,
3,1288,Chicago,Mostly Cloudy,58,1,,,,,,,,,,
4,1288,Chicago,Mostly Cloudy,54,1,,,,,,,,,,
5,1288,Chicago,Intermittent Clouds,57,1,,,,,,,,,,
6,1288,Chicago,Mostly Cloudy,56,1,,,,,,,,,,
7,1288,Chicago,Mostly Cloudy,44,1,,,,,,,,,,
14,1288,Chicago,Mostly Cloudy,54,1,,,,,,,,,,
8,1288,Chicago,Intermittent Clouds,57,1,,,,,,,,,,
9,1288,Chicago,Mostly Cloudy,56,1,,,,,,,,,,
15,1288,Chicago,Mostly Cloudy,57,1,,,,,,,,,,
10,1288,Chicago,mostly cloudy,55,1,,,,,,,,,,
11,1288,Chicago,Clouds And Sun,57,1,,,,,,,,,,
13,1288,Chicago,Mostly Cloudy,55,1,,,,,,,,,,
1,1294,Chicago,Mostly Cloudy,,1,,,,,,,,,,
2,1294,Chicago,Mostly Cloudy,49,1,,,,,,,,,,
3,1294,Chicago,Mostly Cloudy,50,1,,,,,,,,,,
4,1294,Chicago,Mostly Cloudy,55,1,,,,,,,,,,
5,1294,Chicago,Intermittent Clouds,42,1,,,,,,,,,,
6,1294,Chicago,Mostly Cloudy,49,1,,,,,,,,,,
7,1294,Chicago,Cloudy,33,1,,,,,,,,,,
14,1294,Chicago,Mostly Cloudy,40,1,,,,,,,,,,
8,1294,Chicago,Intermittent Clouds,42,1,,,,,,,,,,
9,1294,Chicago,Mostly Cloudy,49,1,,,,,,,,,,
15,1294,Chicago,Mostly Cloudy,49,1,,,,,,,,,,
10,1294,Chicago,mostly cloudy,49,1,,,,,,,,,,
11,1294,Chicago,Clouds And Sun,42,1,,,,,,,,,,
13,1294,Chicago,Mostly Cloudy,50,1,,,,,,,,,,
1,1298,Chicago,Mostly Cloudy,,1,,,,,,,,,,
2,1298,Chicago,Mostly Cloudy,63,1,,,,,,,,,,
3,1298,Chicago,Mostly Cloudy,62,1,,,,,,,,,,
4,1298,Chicago,Mostly Cloudy,66,1,,,,,,,,,,
5,1298,Chicago,Partly Sunny,57,1,,,,,,,,,,
6,1298,Chicago,Mostly Cloudy,63,1,,,,,,,,,,
7,1298,Chicago,Cloudy,53,1,,,,,,,,,,
14,1298,Chicago,Mostly Cloudy,52,1,,,,,,,,,,
8,1298,Chicago,Partly Sunny,57,1,,,,,,,,,,
9,1298,Chicago,Mostly Cloudy,63,1,,,,,,,,,,
15,1298,Chicago,Mostly Cloudy,62,1,,,,,,,,,,
10,1298,Chicago,mostly cloudy,62,1,,,,,,,,,,
11,1298,Chicago,Partly Sunny,57,1,,,,,,,,,,
13,1298,Chicago,Mostly Cloudy,62,1,,,,,,,,,,
1,1304,Chicago,Partly Cloudy,,1,,,,,,,,,,
2,1304,Chicago,Partly Cloudy,58,1,,,,,,,,,,
3,1304,Chicago,Partly Cloudy,60,1,,,,,,,,,,
4,1304,Chicago,Partly Cloudy,50,1,,,,,,,,,,
5,1304,Chicago,Mostly Clear,62,1,,,,,,,,,,
6,1304,Chicago,Partly Cloudy,58,1,,,,,,,,,,
7,1304,Chicago,Partly Cloudy,52,1,,,,,,,,,,
14,1304,Chicago,Mostly Clear,59,1,,,,,,,,,,
8,1304,Chicago,Mostly Clear,62,1,,,,,,,,,,
9,1304,Chicago,Mostly Sunny,58,1,,,,,,,,,,
15,1304,Chicago,Few Clouds,60,1,,,,,,,,,,
10,1304,Chicago,clear sky,58,1,,,,,,,,,,
11,1304,Chicago,Mostly Clear,62,1,,,,,,,,,,
12,1304,Chicago,Mostly Clear,59,1,,,,,,,,,,
1,1308,Chicago,Partly Cloudy,,1,,,,,,,,,,
2,1308,Chicago,Partly Cloudy,63,1,,,,,,,,,,
3,1308,Chicago,Scattered Clouds,62,1,,,,,,,,,,
4,1308,Chicago,Scattered Clouds,55,1,,,,,,,,,,
5,1308,Chicago,Mostly Clear,71,1,,,,,,,,,,
6,1308,Chicago,Partly Cloudy,63,1,,,,,,,,,,
7,1308,Chicago,Partly Cloudy,58,1,,,,,,,,,,
14,1308,Chicago,Partly Cloudy,53,1,,,,,,,,,,
8,1308,Chicago,Mostly Clear,71,1,,,,,,,,,,
9,1308,Chicago,Partly Cloudy,63,1,,,,,,,,,,
15,1308,Chicago,Mostly Clear,62,1,,,,,,,,,,
10,1308,Chicago,clear sky,62,1,,,,,,,,,,
11,1308,Chicago,Mostly Clear,71,1,,,,,,,,,,
12,1308,Chicago,Mostly Clear,62,1,,,,,,,,,,
1,1313,Chicago,Cloudy,,1,,,,,,,,,,
2,1313,Chicago,Overcast,63,1,,,,,,,,,,
3,1313,Chicago,Overcast,60,1,,,,,,,,,,
4,1313,Chicago,Overcast,60,1,,,,,,,,,,
5,1313,Chicago,Partly Cloudy,62,1,,,,,,,,,,
6,1313,Chicago,Overcast,63,1,,,,,,,,,,
7,1313,Chicago,Mostly Cloudy,61,1,,,,,,,,,,
14,1313,Chicago,Mostly Cloudy,62,1,,,,,,,,,,
8,1313,Chicago,Mostly Clear,70,1,,,,,,,,,,
9,1313,Chicago,Cloudy,63,1,,,,,,,,,,
15,1313,Chicago,Cloudy,60,1,,,,,,,,,,
10,1313,Chicago,mostly cloudy,67,1,,,,,,,,,,
11,1313,Chicago,Partly Cloudy,62,1,,,,,,,,,,
12,1313,Chicago,Cloudy,59,1,,,,,,,,,,
1,1317,Chicago,Cloudy,,1,,,,,,,,,,
2,1317,Chicago,Overcast,63,1,,,,,,,,,,
3,1317,Chicago,Overcast,63,1,,,,,,,,,,
4,1317,Chicago,Overcast,59,1,,,,,,,,,,
5,1317,Chicago,Cloudy,62,1,,,,,,,,,,
6,1317,Chicago,Overcast,63,1,,,,,,,,,,
7,1317,Chicago,Cloudy,65,1,,,,,,,,,,
14,1317,Chicago,Cloudy,59,1,,,,,,,,,,
8,1317,Chicago,Cloudy,62,1,,,,,,,,,,
9,1317,Chicago,Cloudy,63,1,,,,,,,,,,
15,1317,Chicago,Cloudy,62,1,,,,,,,,,,
10,1317,Chicago,mostly cloudy,62,1,,,,,,,,,,
11,1317,Chicago,Cloudy,62,1,,,,,,,,,,
12,1317,Chicago,Cloudy,62,1,,,,,,,,,,
1,1318,Chicago,Cloudy,,1,,,,,,,,,,
2,1318,Chicago,Overcast,63,1,,,,,,,,,,
3,1318,Chicago,Overcast,63,1,,,,,,,,,,
4,1318,Chicago,Overcast,60,1,,,,,,,,,,
5,1318,Chicago,Cloudy,62,1,,,,,,,,,,
6,1318,Chicago,Overcast,63,1,,,,,,,,,,
7,1318,Chicago,Cloudy,61,1,,,,,,,,,,
14,1318,Chicago,Cloudy,56,1,,,,,,,,,,
8,1318,Chicago,Cloudy,62,1,,,,,,,,,,
9,1318,Chicago,Cloudy,63,1,,,,,,,,,,
15,1318,Chicago,Cloudy,62,1,,,,,,,,,,
10,1318,Chicago,mostly cloudy,62,1,,,,,,,,,,
11,1318,Chicago,Cloudy,62,1,,,,,,,,,,
12,1318,Chicago,Cloudy,62,1,,,,,,,,,,
1,1331,Chicago,Cloudy,,1,,,,,,,,,,
2,1331,Chicago,Hazy,55,1,,,,,,,,,,
3,1331,Chicago,Haze,54,1,,,,,,,,,,
4,1331,Chicago,Haze,62,1,,,,,,,,,,
5,1331,Chicago,Cloudy,55,1,,,,,,,,,,
6,1331,Chicago,Hazy,55,1,,,,,,,,,,
7,1331,Chicago,Cloudy,52,1,,,,,,,,,,
14,1331,Chicago,Cloudy,46,1,,,,,,,,,,
8,1331,Chicago,Cloudy,55,1,,,,,,,,,,
9,1331,Chicago,Haze,55,1,,,,,,,,,,
15,1331,Chicago,Haze,54,1,,,,,,,,,,
10,1331,Chicago,mostly cloudy,55,1,,,,,,,,,,
11,1331,Chicago,Cloudy,55,1,,,,,,,,,,
12,1331,Chicago,Cloudy,53,1,,,,,,,,,,
13,1333,Chicago,A Few Clouds,60,1,,,,,,,,,,
13,1335,Chicago,Fair,65,1,,,,,,,,,,
13,1341,Chicago,Partly Cloudy,65,1,,,,,,,,,,
13,1342,Chicago,Partly Cloudy,65,1,,,,,,,,,,
13,1343,Chicago,A Few Clouds,68,1,,,,,,,,,,
13,1350,Chicago,Overcast,62,1,,,,,,,,,,
1,1365,Chicago,Mostly Cloudy,,1,,,,,,,,,,
2,1365,Chicago,Mostly Cloudy,68,1,,,,,,,,,,
3,1365,Chicago,Mostly Cloudy,65,1,,,,,,,,,,
4,1365,Chicago,Mostly Cloudy,66,1,,,,,,,,,,
5,1365,Chicago,Intermittent Clouds,59,1,,,,,,,,,,
6,1365,Chicago,Mostly Cloudy,68,1,,,,,,,,,,
7,1365,Chicago,Cloudy,52,1,,,,,,,,,,
14,1365,Chicago,Mostly Cloudy,56,1,,,,,,,,,,
8,1365,Chicago,Partly Sunny,57,1,,,,,,,,,,
9,1365,Chicago,Mostly Cloudy,67,1,,,,,,,,,,
15,1365,Chicago,Mostly Cloudy,65,1,,,,,,,,,,
10,1365,Chicago,mostly cloudy,62,1,,,,,,,,,,
11,1365,Chicago,Clouds And Sun,59,1,,,,,,,,,,
13,1365,Chicago,Mostly Cloudy,65,1,,,,,,,,,,
1,1388,Chicago,Partly Cloudy,,1,,,,,,,,,,
2,1388,Chicago,Partly Cloudy,54,1,,,,,,,,,,
3,1388,Chicago,Scattered Clouds,55,1,,,,,,,,,,
4,1388,Chicago,Scattered Clouds,56,1,,,,,,,,,,
5,1388,Chicago,Mostly Cloudy,59,1,,,,,,,,,,
6,1388,Chicago,Partly Cloudy,54,1,,,,,,,,,,
7,1388,Chicago,Partly Cloudy,42,1,,,,,,,,,,
14,1388,Chicago,Partly Cloudy,48,1,,,,,,,,,,
8,1388,Chicago,Mostly Cloudy,59,1,,,,,,,,,,
9,1388,Chicago,Partly Cloudy,54,1,,,,,,,,,,
15,1388,Chicago,Mostly Clear,55,1,,,,,,,,,,
10,1388,Chicago,clear sky,58,1,,,,,,,,,,
11,1388,Chicago,Mostly Cloudy,59,1,,,,,,,,,,
12,1388,Chicago,Partly Sunny,54,1,,,,,,,,,,
13,1388,Chicago,Partly Cloudy,55,1,,,,,,,,,,
1,1393,Chicago,Partly Cloudy,,1,,,,,,,,,,
2,1393,Chicago,Partly Cloudy,63,1,,,,,,,,,,
3,1393,Chicago,Mostly Cloudy,66,1,,,,,,,,,,
4,1393,Chicago,Mostly Cloudy,64,1,,,,,,,,,,
5,1393,Chicago,Intermittent Clouds,62,1,,,,,,,,,,
6,1393,Chicago,Partly Cloudy,63,1,,,,,,,,,,
7,1393,Chicago,Partly Cloudy,53,1,,,,,,,,,,
14,1393,Chicago,Partly Cloudy,56,1,,,,,,,,,,
8,1393,Chicago,Intermittent Clouds,62,1,,,,,,,,,,
9,1393,Chicago,Mostly Cloudy,68,1,,,,,,,,,,
15,1393,Chicago,Mostly Cloudy,65,1,,,,,,,,,,
10,1393,Chicago,clear sky,62,1,,,,,,,,,,
11,1393,Chicago,Clouds And Sun,62,1,,,,,,,,,,
12,1393,Chicago,Partly Sunny,62,1,,,,,,,,,,
13,1393,Chicago,Mostly Cloudy,66,1,,,,,,,,,,
1,1403,Chicago,Cloudy,,1,,,,,,,,,,
2,1403,Chicago,Overcast,73,1,,,,,,,,,,
3,1403,Chicago,Overcast,74,1,,,,,,,,,,
4,1403,Chicago,Overcast,70,1,,,,,,,,,,
5,1403,Chicago,Cloudy,74,1,,,,,,,,,,
6,1403,Chicago,Overcast,73,1,,,,,,,,,,
7,1403,Chicago,Mostly Cloudy,71,1,,,,,,,,,,
14,1403,Chicago,Mostly Cloudy,62,1,,,,,,,,,,
8,1403,Chicago,Cloudy,74,1,,,,,,,,,,
9,1403,Chicago,Cloudy,73,1,,,,,,,,,,
15,1403,Chicago,Cloudy,74,1,,,,,,,,,,
10,1403,Chicago,mostly cloudy,68,1,,,,,,,,,,
11,1403,Chicago,Cloudy,74,1,,,,,,,,,,
12,1403,Chicago,Cloudy,74,1,,,,,,,,,,
13,1403,Chicago,Overcast,74,1,,,,,,,,,,
1,1406,Chicago,Mostly Cloudy,,1,,,,,,,,,,
2,1406,Chicago,Mostly Cloudy,73,1,,,,,,,,,,
3,1406,Chicago,Mostly Cloudy,71,1,,,,,,,,,,
4,1406,Chicago,Mostly Cloudy,71,1,,,,,,,,,,
5,1406,Chicago,Intermittent Clouds,76,1,,,,,,,,,,
6,1406,Chicago,Mostly Cloudy,73,1,,,,,,,,,,
7,1406,Chicago,Mostly Cloudy,63,1,,,,,,,,,,
14,1406,Chicago,Mostly Cloudy,66,1,,,,,,,,,,
8,1406,Chicago,Intermittent Clouds,76,1,,,,,,,,,,
9,1406,Chicago,Mostly Cloudy,73,1,,,,,,,,,,
15,1406,Chicago,Mostly Cloudy,71,1,,,,,,,,,,
10,1406,Chicago,mostly cloudy,73,1,,,,,,,,,,
11,1406,Chicago,Some Clouds,76,1,,,,,,,,,,
12,1406,Chicago,Cloudy,71,1,,,,,,,,,,
13,1406,Chicago,Mostly Cloudy,71,1,,,,,,,,,,
1,1411,Chicago,Mostly Cloudy,,1,,,,,,,,,,
2,1411,Chicago,Mostly Cloudy,79,1,,,,,,,,,,
3,1411,Chicago,Mostly Cloudy,78,1,,,,,,,,,,
4,1411,Chicago,Mostly Cloudy,74,1,,,,,,,,,,
5,1411,Chicago,Mostly Cloudy,80,1,,,,,,,,,,
6,1411,Chicago,Mostly Cloudy,79,1,,,,,,,,,,
7,1411,Chicago,Mostly Cloudy,76,1,,,,,,,,,,
14,1411,Chicago,Mostly Cloudy,68,1,,,,,,,,,,
8,1411,Chicago,Cloudy,84,1,,,,,,,,,,
9,1411,Chicago,Mostly Cloudy,79,1,,,,,,,,,,
15,1411,Chicago,Mostly Cloudy,77,1,,,,,,,,,,
10,1411,Chicago,mostly cloudy,73,1,,,,,,,,,,
11,1411,Chicago,Mostly Cloudy,80,1,,,,,,,,,,
12,1411,Chicago,Cloudy,77,1,,,,,,,,,,
13,1411,Chicago,Mostly Cloudy,77,1,,,,,,,,,,
1,1416,Chicago,Partly Cloudy,,1,,,,,,,,,,
2,1416,Chicago,Partly Cloudy,79,1,,,,,,,,,,
3,1416,Chicago,Partly Cloudy,71,1,,,,,,,,,,
4,1416,Chicago,Partly Cloudy,68,1,,,,,,,,,,
5,1416,Chicago,Mostly Sunny,80,1,,,,,,,,,,
6,1416,Chicago,Partly Cloudy,73,1,,,,,,,,,,
7,1416,Chicago,Partly Cloudy,71,1,,,,,,,,,,
14,1416,Chicago,Partly Cloudy,76,1,,,,,,,,,,
8,1416,Chicago,Mostly Sunny,80,1,,,,,,,,,,
9,1416,Chicago,Mostly Sunny,79,1,,,,,,,,,,
15,1416,Chicago,Few Clouds,71,1,,,,,,,,,,
10,1416,Chicago,clear sky,79,1,,,,,,,,,,
11,1416,Chicago,Mostly Sunny,80,1,,,,,,,,,,
12,1416,Chicago,Partly Sunny,80,1,,,,,,,,,,
13,1416,Chicago,A Few Clouds,71,1,,,,,,,,,,
1,1438,Chicago,Partly Cloudy,,1,,,,,,,,,,
2,1438,Chicago,Hazy,74,1,,,,,,,,,,
3,1438,Chicago,Haze,78,1,,,,,,,,,,
4,1438,Chicago,Haze,73,1,,,,,,,,,,
5,1438,Chicago,Intermittent Clouds,88,1,,,,,,,,,,
6,1438,Chicago,Hazy,74,1,,,,,,,,,,
7,1438,Chicago,Partly Cloudy,78,1,,,,,,,,,,
8,1438,Chicago,Intermittent Clouds,80,1,,,,,,,,,,
9,1438,Chicago,Air Quality AlertHaze,74,1,,,,,,,,,,
15,1438,Chicago,Haze,77,1,,,,,,,,,,
10,1438,Chicago,clear sky,74,1,,,,,,,,,,
11,1438,Chicago,Some Clouds,88,1,,,,,,,,,,
1,1440,Chicago,Cloudy,,1,,,,,,,,,,
2,1440,Chicago,Hazy,74,1,,,,,,,,,,
3,1440,Chicago,Haze,78,1,,,,,,,,,,
4,1440,Chicago,Haze,74,1,,,,,,,,,,
5,1440,Chicago,Cloudy,88,1,,,,,,,,,,
6,1440,Chicago,Hazy,74,1,,,,,,,,,,
7,1440,Chicago,Cloudy,80,1,,,,,,,,,,
8,1440,Chicago,Intermittent Clouds,88,1,,,,,,,,,,
9,1440,Chicago,Air Quality AlertHaze,74,1,,,,,,,,,,
15,1440,Chicago,Haze,77,1,,,,,,,,,,
10,1440,Chicago,mostly cloudy,74,1,,,,,,,,,,
11,1440,Chicago,Cloudy,88,1,,,,,,,,,,
12,1440,Chicago,Cloudy,77,1,,,,,,,,,,
13,1450,Chicago,Overcast,72,1,,,,,,,,,,
13,1462,Chicago,Overcast with Haze,78,1,,,,,,,,,,
13,1468,Chicago,Overcast with Haze,78,1,,,,,,,,,,
1,1472,Chicago,Partly Cloudy,,1,,,,,,,,,,
2,1472,Chicago,Partly Cloudy,61,1,,,,,,,,,,
3,1472,Chicago,Partly Cloudy,61,1,,,,,,,,,,
4,1472,Chicago,Partly Cloudy,53,1,,,,,,,,,,
5,1472,Chicago,Partly Sunny,63,1,,,,,,,,,,
6,1472,Chicago,Partly Cloudy,61,1,,,,,,,,,,
7,1472,Chicago,Partly Cloudy,50,1,,,,,,,,,,
14,1472,Chicago,Partly Cloudy,61,1,,,,,,,,,,
8,1472,Chicago,Partly Sunny,63,1,,,,,,,,,,
9,1472,Chicago,Mostly Sunny,61,1,,,,,,,,,,
15,1472,Chicago,Few Clouds,61,1,,,,,,,,,,
10,1472,Chicago,clear sky,61,1,,,,,,,,,,
11,1472,Chicago,Partly Sunny,63,1,,,,,,,,,,
12,1472,Chicago,Partly Sunny,60,1,,,,,,,,,,
13,1472,Chicago,Partly Cloudy,58,1,,,,,,,,,,
1,1472,Chicago,Partly Cloudy,,1,,,,,,,,,,
2,1472,Chicago,Partly Cloudy,61,1,,,,,,,,,,
3,1472,Chicago,Scattered Clouds,58,1,,,,,,,,,,
4,1472,Chicago,Scattered Clouds,51,1,,,,,,,,,,
5,1472,Chicago,Partly Sunny,60,1,,,,,,,,,,
1,1486,Chicago,Light Snow,,1,,,,,,,,,,
2,1486,Chicago,Light Snow,93,1,,,,,,,,,,
3,1486,Chicago,Light Snow,93,1,,,,,,,,,,
4,1486,Chicago,Light Snow Mist,86,1,,,,,,,,,,
5,1486,Chicago,Flurries,92,1,,,,,,,,,,
6,1486,Chicago,Snow,93,1,,,,,,,,,,
7,1486,Chicago,Snow Showers,88,1,,,,,,,,,,
14,1486,Chicago,Snow Shower,83,1,,,,,,,,,,
8,1486,Chicago,Flurries,86,1,,,,,,,,,,
9,1486,Chicago,Snow,93,1,,,,,,,,,,
15,1486,Chicago,"Light Snow, Mist",93,1,,,,,,,,,,
10,1486,Chicago,light snow,93,1,,,,,,,,,,
11,1486,Chicago,Lgt.Snow/Fog,92,1,,,,,,,,,,
12,1486,Chicago,Light Snow/Fog,92,1,,,,,,,,,,
1,1503,Chicago,Cloudy,,1,,,,,,,,,,
2,1503,Chicago,Hazy,75,1,,,,,,,,,,
3,1503,Chicago,Haze,75,1,,,,,,,,,,
4,1503,Chicago,Haze,72,1,,,,,,,,,,
5,1503,Chicago,Cloudy,81,1,,,,,,,,,,
6,1503,Chicago,Hazy,75,1,,,,,,,,,,
7,1503,Chicago,Cloudy,81,1,,,,,,,,,,
14,1503,Chicago,Cloudy,73,1,,,,,,,,,,
8,1503,Chicago,Flurries,82,1,,,,,,,,,,
9,1503,Chicago,Haze,74,1,,,,,,,,,,
15,1503,Chicago,Haze,74,1,,,,,,,,,,
10,1503,Chicago,mostly cloudy,74,1,,,,,,,,,,
11,1503,Chicago,Cloudy,81,1,,,,,,,,,,
12,1503,Chicago,Cloudy,74,1,,,,,,,,,,
13,1507,Chicago,Overcast with Haze,63,1,,,,,,,,,,
1,1546,Chicago,Haze,,1,,,,,,,,,,
2,1546,Chicago,Hazy,80,1,,,,,,,,,,
3,1546,Chicago,Haze,81,1,,,,,,,,,,
4,1546,Chicago,Haze,80,1,,,,,,,,,,
5,1546,Chicago,Cloudy,86,1,,,,,,,,,,
6,1546,Chicago,Hazy,80,1,,,,,,,,,,
7,1546,Chicago,Cloudy,79,1,,,,,,,,,,
14,1546,Chicago,Cloudy,74,1,,,,,,,,,,
8,1546,Chicago,Cloudy,81,1,,,,,,,,,,
9,1546,Chicago,Haze,80,1,,,,,,,,,,
15,1546,Chicago,Haze,81,1,,,,,,,,,,
10,1546,Chicago,mostly cloudy,80,1,,,,,,,,,,
11,1546,Chicago,Cloudy,86,1,,,,,,,,,,
12,1546,Chicago,Cloudy,81,1,,,,,,,,,,
1,1557,Chicago,Cloudy,,1,,,,,,,,,,
2,1557,Chicago,Hazy,80,1,,,,,,,,,,
3,1557,Chicago,Haze,81,1,,,,,,,,,,
4,1557,Chicago,Haze,82,1,,,,,,,,,,
5,1557,Chicago,Cloudy,80,1,,,,,,,,,,
6,1557,Chicago,Hazy,80,1,,,,,,,,,,
7,1557,Chicago,Cloudy,77,1,,,,,,,,,,
14,1557,Chicago,Cloudy,77,1,,,,,,,,,,
8,1557,Chicago,Cloudy,80,1,,,,,,,,,,
9,1557,Chicago,Haze,80,1,,,,,,,,,,
15,1557,Chicago,Haze,81,1,,,,,,,,,,
10,1557,Chicago,mostly cloudy,79,1,,,,,,,,,,
11,1557,Chicago,Cloudy,80,1,,,,,,,,,,
12,1557,Chicago,Cloudy,80,1,,,,,,,,,,
13,1570,Chicago,Light Snow Fog/Mist,85,1,,,,,,,,,,
13,1573,Chicago,Light Snow,79,1,,,,,,,,,,
13,1583,Chicago,Overcast with Haze,81,1,,,,,,,,,,
13,1588,Chicago,Overcast with Haze,81,1,,,,,,,,,,
1,1611,Columbus,Fair,,1,,,,,,,,,,
2,1611,Columbus,Overcast,52,1,,,,,,,,,,
3,1611,Columbus,Clear,56,1,,,,,,,,,,
4,1611,Columbus,Clear,59,1,,,,,,,,,,
5,1611,Columbus,Cloudy,49,1,,,,,,,,,,
6,1611,Columbus,Overcast,52,1,,,,,,,,,,
7,1611,Columbus,Mostly Cloudy,41,1,,,,,,,,,,
8,1611,Columbus,Sunny,55,1,,,,,,,,,,
9,1611,Columbus,Cloudy,52,1,,,,,,,,,,
10,1611,Columbus,clear sky,56,1,,,,,,,,,,
11,1611,Columbus,Cloudy,51,1,,,,,,,,,,
12,1611,Columbus,Cloudy,49,1,,,,,,,,,,
1,1614,Columbus,Fair,,1,,,,,,,,,,
2,1614,Columbus,Mostly Cloudy,48,1,,,,,,,,,,
3,1614,Columbus,Clear,54,1,,,,,,,,,,
4,1614,Columbus,Clear,59,1,,,,,,,,,,
5,1614,Columbus,Cloudy,49,1,,,,,,,,,,
6,1614,Columbus,Mostly Cloudy,48,1,,,,,,,,,,
7,1614,Columbus,Partly Cloudy,46,1,,,,,,,,,,
8,1614,Columbus,Sunny,53,1,,,,,,,,,,
9,1614,Columbus,Mostly Cloudy,48,1,,,,,,,,,,
10,1614,Columbus,clear sky,52,1,,,,,,,,,,
11,1614,Columbus,Cloudy,49,1,,,,,,,,,,
1,1631,Columbus,Fair,,1,,,,,,,,,,
2,1631,Columbus,Mostly Cloudy,73,1,,,,,,,,,,
3,1631,Columbus,Clear,77,1,,,,,,,,,,
4,1631,Columbus,Clear,87,1,,,,,,,,,,
5,1631,Columbus,Intermittent Clouds,74,1,,,,,,,,,,
6,1631,Columbus,Partly Cloudy,73,1,,,,,,,,,,
7,1631,Columbus,Mostly Clear,74,1,,,,,,,,,,
8,1631,Columbus,Clear,76,1,,,,,,,,,,
9,1631,Columbus,Mostly Cloudy,73,1,,,,,,,,,,
10,1631,Columbus,clear sky,73,1,,,,,,,,,,
11,1631,Columbus,Some Clouds,74,1,,,,,,,,,,
1,1633,Columbus,Fair,,1,,,,,,,,,,
2,1633,Columbus,Partly Cloudy,79,1,,,,,,,,,,
3,1633,Columbus,Clear,84,1,,,,,,,,,,
4,1633,Columbus,Clear,88,1,,,,,,,,,,
5,1633,Columbus,Mostly Clear,80,1,,,,,,,,,,
6,1633,Columbus,Partly Cloudy,79,1,,,,,,,,,,
7,1633,Columbus,Partly Cloudy,81,1,,,,,,,,,,
8,1633,Columbus,Clear,80,1,,,,,,,,,,
9,1633,Columbus,Partly Cloudy,79,1,,,,,,,,,,
10,1633,Columbus,clear sky,79,1,,,,,,,,,,
11,1633,Columbus,Mostly Clear,80,1,,,,,,,,,,
12,1633,Columbus,Mostly Clear,80,1,,,,,,,,,,
1,1641,Columbus,Fair,,1,,,,,,,,,,
2,1641,Columbus,Hazy,74,1,,,,,,,,,,
3,1641,Columbus,Haze,78,1,,,,,,,,,,
4,1641,Columbus,Haze,78,1,,,,,,,,,,
5,1641,Columbus,Intermittent Clouds,74,1,,,,,,,,,,
6,1641,Columbus,Hazy,74,1,,,,,,,,,,
7,1641,Columbus,Sunny,69,1,,,,,,,,,,
8,1641,Columbus,Sunny,84,1,,,,,,,,,,
9,1641,Columbus,Haze,74,1,,,,,,,,,,
10,1641,Columbus,clear sky,86,1,,,,,,,,,,
11,1641,Columbus,Clouds And Sun,74,1,,,,,,,,,,
1,1871,Columbus,Cloudy,,1,,,,,,,,,,
2,1871,Columbus,Light Snow,75,1,,,,,,,,,,
3,1871,Columbus,Haze,81,1,,,,,,,,,,
4,1871,Columbus,Haze,86,1,,,,,,,,,,
5,1871,Columbus,Flurries,75,1,,,,,,,,,,
6,1871,Columbus,Snow,75,1,,,,,,,,,,
7,1871,Columbus,Cloudy,81,1,,,,,,,,,,
8,1871,Columbus,Cloudy,81,1,,,,,,,,,,
9,1871,Columbus,Snow,75,1,,,,,,,,,,
10,1871,Columbus,mostly cloudy,80,1,,,,,,,,,,
11,1871,Columbus,Light Snow,75,1,,,,,,,,,,
12,1871,Columbus,Light Snow,75,1,,,,,,,,,,
1,1874,Columbus,Cloudy,,1,,,,,,,,,,
2,1874,Columbus,Light Snow,81,1,,,,,,,,,,
3,1874,Columbus,Overcast,88,1,,,,,,,,,,
4,1874,Columbus,Overcast,86,1,,,,,,,,,,
5,1874,Columbus,Flurries,81,1,,,,,,,,,,
6,1874,Columbus,Snow,81,1,,,,,,,,,,
7,1874,Columbus,Cloudy,86,1,,,,,,,,,,
8,1874,Columbus,Flurries,88,1,,,,,,,,,,
9,1874,Columbus,Snow,80,1,,,,,,,,,,
10,1874,Columbus,mostly cloudy,86,1,,,,,,,,,,
11,1874,Columbus,Light Snow,81,1,,,,,,,,,,
12,1874,Columbus,Light Snow,81,1,,,,,,,,,,
13,2091,Dallas,Fog/Mist,83,1,,,,,,,,,,
8,2111,Dallas,Showers,87,1,,,,,,,,,,
9,2111,Dallas,Short term forecastRain,88,1,,,,,,,,,,
15,2111,Dallas,Light Rain,86,1,,,,,,,,,,
10,2111,Dallas,light rain,88,1,,,,,,,,,,
11,2111,Dallas,Rain,87,1,,,,,,,,,,
12,2111,Dallas,Light Rain,86,1,,,,,,,,,,
13,2111,Dallas,Light Rain,87,1,,,,,,,,,,
13,2152,Dallas,Overcast with Haze,83,1,,,,,,,,,,
13,2161,Dallas,Overcast with Haze,82,1,,,,,,,,,,
13,2226,Dallas,Overcast,82,1,,,,,,,,,,
13,2951,El Paso,Mostly Cloudy,82,1,,,,,,,,,,
1,3017,El Paso,Cloudy,,1,,,,,,,,,,
2,3017,El Paso,Overcast,81,1,,,,,,,,,,
3,3017,El Paso,Overcast,82,1,,,,,,,,,,
4,3017,El Paso,Overcast,76,1,,,,,,,,,,
5,3017,El Paso,Cloudy,82,1,,,,,,,,,,
6,3017,El Paso,Overcast,81,1,,,,,,,,,,
7,3017,El Paso,Cloudy,82,1,,,,,,,,,,
14,3017,El Paso,Cloudy,79,1,,,,,,,,,,
8,3017,El Paso,Cloudy,79,1,,,,,,,,,,
9,3017,El Paso,Cloudy,81,1,,,,,,,,,,
15,3017,El Paso,Cloudy,76,1,,,,,,,,,,
10,3017,El Paso,mostly cloudy,81,1,,,,,,,,,,
11,3017,El Paso,Cloudy,82,1,,,,,,,,,,
12,3017,El Paso,Cloudy,82,1,,,,,,,,,,
13,3017,El Paso,Mostly Cloudy,87,1,,,,,,,,,,
13,3194,El Paso,Light Rain,83,1,,,,,,,,,,
13,3512,Fort Worth,Fair,77,1,,,,,,,,,,
13,3513,Fort Worth,Fair,77,1,,,,,,,,,,
13,3584,Houston,Mostly Cloudy,83,1,,,,,,,,,,
13,3773,Houston,Overcast,77,1,,,,,,,,,,
13,3775,Houston,Overcast,78,1,,,,,,,,,,
13,3839,Houston,Overcast,77,1,,,,,,,,,,
13,4012,Indianapolis,Fair,78,1,,,,,,,,,,
1,4121,Indianapolis,Light Snow,,1,,,,,,,,,,
2,4121,Indianapolis,Light Snow,80,1,,,,,,,,,,
3,4121,Indianapolis,Haze,78,1,,,,,,,,,,
4,4121,Indianapolis,Haze,74,1,,,,,,,,,,
5,4121,Indianapolis,Flurries,78,1,,,,,,,,,,
6,4121,Indianapolis,Snow,79,1,,,,,,,,,,
7,4121,Indianapolis,Cloudy,71,1,,,,,,,,,,
14,4121,Indianapolis,Hazy,77,1,,,,,,,,,,
8,4121,Indianapolis,Flurries,78,1,,,,,,,,,,
9,4121,Indianapolis,Haze,74,1,,,,,,,,,,
15,4121,Indianapolis,Haze,77,1,,,,,,,,,,
10,4121,Indianapolis,light snow,80,1,,,,,,,,,,
11,4121,Indianapolis,Cloudy,77,1,,,,,,,,,,
12,4121,Indianapolis,Cloudy,86,1,,,,,,,,,,
13,4136,Indianapolis,Overcast,82,1,,,,,,,,,,
13,4149,Indianapolis,Overcast with Haze,81,1,,,,,,,,,,
13,4150,Indianapolis,Overcast with Haze,81,1,,,,,,,,,,
13,4153,Indianapolis,Overcast with Haze,78,1,,,,,,,,,,
1,4186,Jacksonville,Mostly Cloudy,,1,,,,,,,,,,
2,4186,Jacksonville,Mostly Cloudy,76,1,,,,,,,,,,
3,4186,Jacksonville,Mostly Cloudy,77,1,,,,,,,,,,
4,4186,Jacksonville,Mostly Cloudy,85,1,,,,,,,,,,
5,4186,Jacksonville,Intermittent Clouds,86,1,,,,,,,,,,
6,4186,Jacksonville,Bkh,82,1,,,,,,,,,,
7,4186,Jacksonville,Mostly Cloudy,77,1,,,,,,,,,,
14,4186,Jacksonville,Mostly Cloudy,74,1,,,,,,,,,,
8,4186,Jacksonville,Mostly Clear,85,1,,,,,,,,,,
9,4186,Jacksonville,Clear,76,1,,,,,,,,,,
15,4186,Jacksonville,Mostly Cloudy,76,1,,,,,,,,,,
10,4186,Jacksonville,mostly cloudy,76,1,,,,,,,,,,
11,4186,Jacksonville,Some Clouds,86,1,,,,,,,,,,
12,4186,Jacksonville,Cloudy,70,1,,,,,,,,,,
13,4219,Jacksonville,Mostly Cloudy,77,1,,,,,,,,,,
13,4231,Jacksonville,Overcast,83,1,,,,,,,,,,
13,4244,Jacksonville,Overcast,83,1,,,,,,,,,,
13,4462,Jacksonville,Overcast,77,1,,,,,,,,,,
1,4484,Las Vegas,Fair,,1,,,,,,,,,,
2,4484,Las Vegas,Clear,66,1,,,,,,,,,,
3,4484,Las Vegas,Mostly Cloudy,70,1,,,,,,,,,,
4,4484,Las Vegas,Mostly Cloudy,72,1,,,,,,,,,,
5,4484,Las Vegas,Intermittent Clouds,70,1,,,,,,,,,,
6,4484,Las Vegas,Partly Cloudy,78,1,,,,,,,,,,
7,4484,Las Vegas,Partly Cloudy,68,1,,,,,,,,,,
14,4484,Las Vegas,Mostly Clear,76,1,,,,,,,,,,
8,4484,Las Vegas,Mostly Clear,62,1,,,,,,,,,,
9,4484,Las Vegas,Clear,65,1,,,,,,,,,,
15,4484,Las Vegas,Clear,67,1,,,,,,,,,,
10,4484,Las Vegas,mostly cloudy,70,1,,,,,,,,,,
11,4484,Las Vegas,Some Clouds,70,1,,,,,,,,,,
13,4484,Las Vegas,Mostly Cloudy,70,1,,,,,,,,,,
1,4486,Las Vegas,Fair,,1,,,,,,,,,,
2,4486,Las Vegas,Clear,61,1,,,,,,,,,,
3,4486,Las Vegas,Mostly Cloudy,70,1,,,,,,,,,,
4,4486,Las Vegas,Mostly Cloudy,72,1,,,,,,,,,,
5,4486,Las Vegas,Intermittent Clouds,70,1,,,,,,,,,,
6,4486,Las Vegas,Mostly Cloudy,79,1,,,,,,,,,,
7,4486,Las Vegas,Partly Cloudy,60,1,,,,,,,,,,
14,4486,Las Vegas,Mostly Clear,79,1,,,,,,,,,,
8,4486,Las Vegas,Intermittent Clouds,70,1,,,,,,,,,,
9,4486,Las Vegas,Clear,61,1,,,,,,,,,,
15,4486,Las Vegas,Clear,60,1,,,,,,,,,,
10,4486,Las Vegas,mostly cloudy,70,1,,,,,,,,,,
11,4486,Las Vegas,Some Clouds,70,1,,,,,,,,,,
13,4486,Las Vegas,Mostly Cloudy,70,1,,,,,,,,,,
1,4697,Las Vegas,Partly Cloudy,,1,,,,,,,,,,
2,4697,Las Vegas,Partly Cloudy,66,1,,,,,,,,,,
3,4697,Las Vegas,Mostly Cloudy,52,1,,,,,,,,,,
4,4697,Las Vegas,Mostly Cloudy,57,1,,,,,,,,,,
5,4697,Las Vegas,Intermittent Clouds,51,1,,,,,,,,,,
6,4697,Las Vegas,Mostly Cloudy,67,1,,,,,,,,,,
7,4697,Las Vegas,Partly Cloudy,61,1,,,,,,,,,,
14,4697,Las Vegas,Mostly Cloudy,68,1,,,,,,,,,,
8,4697,Las Vegas,Mostly Cloudy,53,1,,,,,,,,,,
9,4697,Las Vegas,Mostly Sunny,65,1,,,,,,,,,,
15,4697,Las Vegas,Few Clouds,65,1,,,,,,,,,,
10,4697,Las Vegas,mostly cloudy,53,1,,,,,,,,,,
11,4697,Las Vegas,Clouds And Sun,51,1,,,,,,,,,,
1,4703,Las Vegas,Fair,,1,,,,,,,,,,
2,4703,Las Vegas,Clear,33,1,,,,,,,,,,
3,4703,Las Vegas,Mostly Cloudy,35,1,,,,,,,,,,
4,4703,Las Vegas,Mostly Cloudy,36,1,,,,,,,,,,
5,4703,Las Vegas,Intermittent Clouds,34,1,,,,,,,,,,
6,4703,Las Vegas,Mostly Cloudy,34,1,,,,,,,,,,
7,4703,Las Vegas,Partly Cloudy,34,1,,,,,,,,,,
14,4703,Las Vegas,Partly Cloudy,39,1,,,,,,,,,,
8,4703,Las Vegas,Intermittent Clouds,35,1,,,,,,,,,,
9,4703,Las Vegas,Clear,35,1,,,,,,,,,,
15,4703,Las Vegas,Clear,34,1,,,,,,,,,,
10,4703,Las Vegas,mostly cloudy,35,1,,,,,,,,,,
11,4703,Las Vegas,Clouds And Sun,34,1,,,,,,,,,,
1,4739,Las Vegas,Fair,,1,,,,,,,,,,
2,4739,Las Vegas,Clear,36,1,,,,,,,,,,
3,4739,Las Vegas,Mostly Cloudy,36,1,,,,,,,,,,
4,4739,Las Vegas,Mostly Cloudy,38,1,,,,,,,,,,
5,4739,Las Vegas,Intermittent Clouds,35,1,,,,,,,,,,
6,4739,Las Vegas,Mostly Cloudy,34,1,,,,,,,,,,
7,4739,Las Vegas,Sunny,37,1,,,,,,,,,,
14,4739,Las Vegas,Mostly Sunny,36,1,,,,,,,,,,
8,4739,Las Vegas,Intermittent Clouds,34,1,,,,,,,,,,
9,4739,Las Vegas,Clear,35,1,,,,,,,,,,
15,4739,Las Vegas,Clear,37,1,,,,,,,,,,
10,4739,Las Vegas,mostly cloudy,33,1,,,,,,,,,,
11,4739,Las Vegas,Clouds And Sun,35,1,,,,,,,,,,
13,4866,Los Angeles,Fair,77,1,,,,,,,,,,
13,4868,Los Angeles,Haze,83,1,,,,,,,,,,
1,4934,Los Angeles,Fair,,1,,,,,,,,,,
2,4934,Los Angeles,Clear,87,1,,,,,,,,,,
3,4934,Los Angeles,Clear,83,1,,,,,,,,,,
4,4934,Los Angeles,Clear,89,1,,,,,,,,,,
5,4934,Los Angeles,Clear,83,1,,,,,,,,,,
6,4934,Los Angeles,Clear,87,1,,,,,,,,,,
7,4934,Los Angeles,Clear,84,1,,,,,,,,,,
14,4934,Los Angeles,Mostly Clear,83,1,,,,,,,,,,
8,4934,Los Angeles,Clear,83,1,,,,,,,,,,
9,4934,Los Angeles,Coastal Flood StatementClear,87,1,,,,,,,,,,
15,4934,Los Angeles,Mist,100,1,,,,,,,,,,
10,4934,Los Angeles,clear sky,82,1,,,,,,,,,,
11,4934,Los Angeles,Clear,83,1,,,,,,,,,,
12,4934,Los Angeles,Clear,88,1,,,,,,,,,,
13,4934,Los Angeles,Fog,94,1,,,,,,,,,,
13,4981,Los Angeles,Overcast,81,1,,,,,,,,,,
13,5036,Los Angeles,Haze,81,1,,,,,,,,,,
13,5050,Los Angeles,Haze,77,1,,,,,,,,,,
13,5185,Memphis,Mostly Cloudy,78,1,,,,,,,,,,
13,5418,Memphis,Fair,82,1,,,,,,,,,,
13,5419,Memphis,Fair,78,1,,,,,,,,,,
13,5619,Milwaukee,Fair with Haze,81,1,,,,,,,,,,
1,5643,Milwaukee,Light Snow,,1,,,,,,,,,,
2,5643,Milwaukee,Light Snow,86,1,,,,,,,,,,
3,5643,Milwaukee,Light Snow,88,1,,,,,,,,,,
4,5643,Milwaukee,Light Snow Mist,90,1,,,,,,,,,,
5,5643,Milwaukee,Flurries,86,1,,,,,,,,,,
6,5643,Milwaukee,Snow,86,1,,,,,,,,,,
7,5643,Milwaukee,Snow Showers,90,1,,,,,,,,,,
14,5643,Milwaukee,Snow Shower,83,1,,,,,,,,,,
8,5643,Milwaukee,Flurries,86,1,,,,,,,,,,
9,5643,Milwaukee,Short term forecastSnow,86,1,,,,,,,,,,
10,5643,Milwaukee,light snow,86,1,,,,,,,,,,
11,5643,Milwaukee,Lgt.Snow/Fog,88,1,,,,,,,,,,
12,5643,Milwaukee,Snow,92,1,,,,,,,,,,
1,5928,Nashville,Cloudy,,1,,,,,,,,,,
2,5928,Nashville,Overcast,70,1,,,,,,,,,,
1,6914,Philadelphia,Mostly Cloudy,,1,,,,,,,,,,
2,6914,Philadelphia,Mostly Cloudy,41,1,,,,,,,,,,
3,6914,Philadelphia,Clear,42,1,,,,,,,,,,
4,6914,Philadelphia,Clear,51,1,,,,,,,,,,
5,6914,Philadelphia,Intermittent Clouds,41,1,,,,,,,,,,
6,6914,Philadelphia,Mostly Cloudy,41,1,,,,,,,,,,
7,6914,Philadelphia,Partly Cloudy,45,1,,,,,,,,,,
14,6914,Philadelphia,Mostly Sunny,38,1,,,,,,,,,,
8,6914,Philadelphia,Sunny,38,1,,,,,,,,,,
9,6914,Philadelphia,Mostly Cloudy,40,1,,,,,,,,,,
15,6914,Philadelphia,Mostly Cloudy,41,1,,,,,,,,,,
10,6914,Philadelphia,clear sky,37,1,,,,,,,,,,
11,6914,Philadelphia,Some Clouds,41,1,,,,,,,,,,
12,6914,Philadelphia,Clear,41,1,,,,,,,,,,
1,6932,Philadelphia,Mostly Cloudy,,1,,,,,,,,,,
2,6932,Philadelphia,Mostly Cloudy,74,1,,,,,,,,,,
3,6932,Philadelphia,Partly Cloudy,74,1,,,,,,,,,,
4,6932,Philadelphia,Partly Cloudy,83,1,,,,,,,,,,
5,6932,Philadelphia,Intermittent Clouds,74,1,,,,,,,,,,
6,6932,Philadelphia,Mostly Cloudy,74,1,,,,,,,,,,
7,6932,Philadelphia,Partly Cloudy,73,1,,,,,,,,,,
14,6932,Philadelphia,Mostly Clear,62,1,,,,,,,,,,
8,6932,Philadelphia,Mostly Clear,68,1,,,,,,,,,,
9,6932,Philadelphia,Mostly Cloudy,74,1,,,,,,,,,,
15,6932,Philadelphia,Mostly Cloudy,80,1,,,,,,,,,,
10,6932,Philadelphia,clear sky,73,1,,,,,,,,,,
11,6932,Philadelphia,Mostly Cloudy,75,1,,,,,,,,,,
12,6932,Philadelphia,Partly Cloudy,74,1,,,,,,,,,,
1,7241,Phoenix,Mostly Cloudy,,1,,,,,,,,,,
2,7241,Phoenix,Mostly Cloudy,37,1,,,,,,,,,,
3,7241,Phoenix,Mostly Cloudy,37,1,,,,,,,,,,
4,7241,Phoenix,Mostly Cloudy,63,1,,,,,,,,,,
5,7241,Phoenix,Intermittent Clouds,36,1,,,,,,,,,,
6,7241,Phoenix,Clear,60,1,,,,,,,,,,
7,7241,Phoenix,Mostly Cloudy,41,1,,,,,,,,,,
14,7241,Phoenix,Mostly Cloudy,43,1,,,,,,,,,,
8,7241,Phoenix,Intermittent Clouds,36,1,,,,,,,,,,
9,7241,Phoenix,Mostly Cloudy,36,1,,,,,,,,,,
15,7241,Phoenix,Mostly Cloudy,36,1,,,,,,,,,,
10,7241,Phoenix,mostly cloudy,42,1,,,,,,,,,,
11,7241,Phoenix,Some Clouds,36,1,,,,,,,,,,
12,7241,Phoenix,Clear,58,1,,,,,,,,,,
1,7387,Portland,Partly Cloudy,,1,,,,,,,,,,
2,7387,Portland,Partly Cloudy,93,1,,,,,,,,,,
3,7387,Portland,Scattered Clouds,96,1,,,,,,,,,,
4,7387,Portland,Scattered Clouds,92,1,,,,,,,,,,
5,7387,Portland,Mostly Clear,92,1,,,,,,,,,,
6,7387,Portland,Partly Cloudy,79,1,,,,,,,,,,
7,7387,Portland,Partly Cloudy,92,1,,,,,,,,,,
14,7387,Portland,Partly Cloudy,93,1,,,,,,,,,,
8,7387,Portland,Mostly Clear,92,1,,,,,,,,,,
9,7387,Portland,Partly Cloudy,93,1,,,,,,,,,,
15,7387,Portland,Mostly Clear,96,1,,,,,,,,,,
10,7387,Portland,clear sky,49,1,,,,,,,,,,
11,7387,Portland,Partly Cloudy,95,1,,,,,,,,,,
12,7387,Portland,Partly Cloudy,91,1,,,,,,,,,,
13,7413,Portland,Mostly Cloudy,77,1,,,,,,,,,,
13,7416,Portland,Mostly Cloudy,77,1,,,,,,,,,,
13,7422,Portland,Mostly Cloudy,77,1,,,,,,,,,,
13,7733,San Antonio,Overcast,82,1,,,,,,,,,,
1,8168,San Diego,Mostly Cloudy,,1,,,,,,,,,,
2,8168,San Diego,Hazy,77,1,,,,,,,,,,
13,8173,San Diego,A Few Clouds,77,1,,,,,,,,,,
13,8178,San Diego,Partly Cloudy,82,1,,,,,,,,,,
13,8180,San Diego,A Few Clouds,77,1,,,,,,,,,,
13,8297,San Diego,Overcast,78,1,,,,,,,,,,
1,8480,San Francisco,Mostly Cloudy,,1,,,,,,,,,,
2,8480,San Francisco,Overcast,94,1,,,,,,,,,,
3,8480,San Francisco,Mostly Cloudy,86,1,,,,,,,,,,
4,8480,San Francisco,Mostly Cloudy,85,1,,,,,,,,,,
5,8480,San Francisco,Intermittent Clouds,85,1,,,,,,,,,,
6,8480,San Francisco,Mostly Cloudy,88,1,,,,,,,,,,
7,8480,San Francisco,Cloudy,88,1,,,,,,,,,,
8,8480,San Francisco,Intermittent Clouds,89,1,,,,,,,,,,
9,8480,San Francisco,Cloudy,93,1,,,,,,,,,,
15,8480,San Francisco,Mostly Cloudy,86,1,,,,,,,,,,
10,8480,San Francisco,mostly cloudy,82,1,,,,,,,,,,
11,8480,San Francisco,Some Clouds,85,1,,,,,,,,,,
13,9584,Washington,Fog/Mist,85,1,,,,,,,,,,
Baltimore,13,13,13,13,13,13,13,0,13,13,13,13,11,16,12
Chicago,25,25,25,25,25,24,24,22,24,24,24,24,18,26,24
Fort Worth,25,25,25,25,25,25,25,23,25,25,25,25,24,26,24
Houston,31,31,31,31,31,31,31,30,31,31,31,31,30,22,29
Phoenix,31,31,31,31,31,30,31,29,31,31,31,31,31,26,31
